lat_bin,lon_bin,time_slot,month,total_count,dominant_category,pred,conf,ok,p_other,p_property,p_violent,risk
33.42,-86.68,2,10,3,property,property,0.999812814739395,True,0.999812814739395,0.00018718526060490008,2.7360571897596296e-17,54.0
33.43,-86.93,0,11,3,property,property,0.9998128173038932,True,0.9998128173038932,0.00018718269610689864,2.7360384507746152e-17,54.0
33.43,-86.71000000000001,3,10,3,property,property,0.9998127425763389,True,0.9998127425763389,0.00018725742366109842,2.7365844381394772e-17,54.0
33.44,-86.93,3,2,3,property,property,0.9998128147172901,True,0.9998128147172901,0.000187185282709882,2.7360573512818724e-17,54.0
33.44,-86.72,3,10,4,property,property,0.999812749264733,True,0.999812749264733,0.00018725073526690373,2.736535574680448e-17,62.7
33.45,-86.9,2,9,3,property,property,0.999812814882449,True,0.999812814882449,0.00018718511755098016,2.7360561444569806e-17,54.0
33.45,-86.88,1,8,3,property,property,0.9998128147392924,True,0.9998128147392924,0.00018718526070749642,2.7360571905093186e-17,54.0
33.45,-86.88,1,9,4,property,property,0.9998128147392594,True,0.9998128147392594,0.00018718526074073567,2.7360571907522e-17,62.7
33.45,-86.88,1,10,6,property,property,0.9998128147555772,True,0.9998128147555772,0.00018718524442291117,2.7360570715170014e-17,75.9
33.45,-86.73,2,1,6,property,property,0.9998128147369221,True,0.9998128147369221,0.00018718526307785833,2.7360572078296698e-17,75.9
33.45,-86.73,2,2,5,property,property,0.9998128147368822,True,0.9998128147368822,0.00018718526311776578,2.7360572081212704e-17,69.9
33.45,-86.73,2,3,12,property,property,0.9998208862080116,True,0.9998208862080116,0.00017911379198845285,2.676428303072644e-17,100.0
33.45,-86.73,2,8,4,property,property,0.9998128147370933,True,0.9998128147370933,0.000187185262906731,2.7360572065792356e-17,62.7
33.45,-86.73,2,11,5,property,property,0.9998128149583704,True,0.9998128149583704,0.00018718504162952557,2.736055589694665e-17,69.9
33.45,-86.73,3,3,3,property,property,0.9998128147368058,True,0.9998128147368058,0.00018718526319410025,2.736057208679053e-17,54.0
33.46,-86.89,2,11,3,property,property,0.9998128147367705,True,0.9998128147367705,0.0001871852632295516,2.736057208938103e-17,54.0
33.46,-86.88,3,1,4,property,property,0.9998127484755746,True,0.9998127484755746,0.00018725152442549897,2.7365413400886304e-17,62.7
33.46,-86.87,1,3,3,violent,violent,0.9998130502002909,True,0.00018694979970922197,0.9998130502002909,2.7343361229934777e-17,54.0
33.46,-86.87,1,9,3,property,property,0.9998128147374831,True,0.9998128147374831,0.00018718526251706224,2.736057203731906e-17,54.0
33.46,-86.87,2,1,3,other,property,0.9427075822465245,False,0.9427075822465245,0.05729241775347518,4.648010198494742e-16,51.0
33.47,-86.88,1,10,3,property,property,0.999812762930346,True,0.999812762930346,0.00018723706965387686,2.736435734979155e-17,54.0
33.47,-86.88,2,9,3,property,property,0.9998128147369678,True,0.9998128147369678,0.00018718526303213045,2.7360572074955286e-17,54.0
33.47,-86.87,3,8,3,property,property,0.9998128147745818,True,0.9998128147745818,0.00018718522541810584,2.7360569326478723e-17,54.0
33.47,-86.87,3,9,3,violent,violent,0.9998128288284533,True,0.00018717117154667744,0.9998128288284533,2.735954238337251e-17,54.0
33.47,-86.86,2,12,3,property,property,0.9998128147363053,True,0.9998128147363053,0.00018718526369472941,2.7360572123371714e-17,54.0
33.47,-86.82000000000001,0,11,3,property,property,0.999812747725839,True,0.999812747725839,0.00018725227416110035,2.736546817470377e-17,54.0
33.47,-86.82000000000001,2,3,4,property,property,0.9998128149007202,True,0.9998128149007202,0.00018718509927992174,2.736056010949329e-17,62.7
33.47,-86.82000000000001,2,8,3,property,property,0.9998128149683838,True,0.9998128149683838,0.00018718503161614842,2.7360555165263566e-17,54.0
33.47,-86.82000000000001,2,9,3,property,property,0.9998128147370557,True,0.9998128147370557,0.0001871852629443379,2.736057206854027e-17,54.0
33.47,-86.82000000000001,3,1,4,property,property,0.9998128165369436,True,0.9998128165369436,0.0001871834630563999,2.7360440549473332e-17,62.7
33.480000000000004,-86.89,3,9,4,property,property,0.9998128147373152,True,0.9998128147373152,0.000187185262684785,2.7360572049574648e-17,62.7
33.480000000000004,-86.89,3,11,3,property,property,0.9998128150931042,True,0.9998128150931042,0.00018718490689590182,2.7360546051883007e-17,54.0
33.480000000000004,-86.88,3,9,5,violent,violent,0.9997964551401378,True,0.00020354485986220724,0.9997964551401378,2.853092573532401e-17,69.9
33.480000000000004,-86.87,1,1,3,property,property,0.9998128147374229,True,0.9998128147374229,0.00018718526257704667,2.7360572041702103e-17,54.0
33.480000000000004,-86.87,2,9,3,violent,violent,0.9998130621446353,True,0.00018693785536474085,0.9998130621446353,2.734248788672681e-17,54.0
33.480000000000004,-86.86,2,10,3,property,property,0.9998128147369547,True,0.9998128147369547,0.00018718526304523214,2.7360572075912588e-17,54.0
33.480000000000004,-86.86,3,9,3,violent,violent,0.9998128288169362,True,0.0001871711830637963,0.9998128288169362,2.7359543224965978e-17,54.0
33.480000000000004,-86.85000000000001,2,10,4,property,property,0.9998128147374,True,0.9998128147374,0.00018718526259999544,2.7360572043379027e-17,62.7
33.480000000000004,-86.84,1,8,3,property,property,0.9998128147373627,True,0.9998128147373627,0.0001871852626371934,2.7360572046097007e-17,54.0
33.480000000000004,-86.84,1,9,3,property,property,0.999812762930346,True,0.999812762930346,0.00018723706965387686,2.736435734979155e-17,54.0
33.480000000000004,-86.84,1,10,5,property,property,0.9998128147373727,True,0.9998128147373727,0.00018718526262736436,2.7360572045378746e-17,69.9
33.480000000000004,-86.84,1,11,4,property,property,0.9998128147372763,True,0.9998128147372763,0.00018718526272364688,2.7360572052414282e-17,62.7
33.480000000000004,-86.84,2,1,5,property,property,0.9998128147373738,True,0.9998128147373738,0.00018718526262626194,2.7360572045298292e-17,69.9
33.480000000000004,-86.84,2,3,3,property,property,0.9998128147372513,True,0.9998128147372513,0.00018718526274865842,2.7360572054241814e-17,54.0
33.480000000000004,-86.84,2,8,5,property,property,0.9998128147369809,True,0.9998128147369809,0.00018718526301903375,2.736057207399838e-17,69.9
33.480000000000004,-86.84,3,8,4,property,property,0.9998128147373054,True,0.9998128147373054,0.0001871852626944668,2.7360572050282028e-17,62.7
33.480000000000004,-86.84,3,9,5,property,property,0.9998128147373168,True,0.9998128147373168,0.0001871852626831989,2.7360572049458627e-17,69.9
33.480000000000004,-86.84,3,10,4,violent,violent,0.9684447117316365,True,0.03155528826836302,0.9684447117316365,3.4962581296221608e-16,60.8
33.480000000000004,-86.83,1,2,3,property,property,0.9998128147370358,True,0.9998128147370358,0.00018718526296417128,2.7360572069989426e-17,54.0
33.480000000000004,-86.83,1,9,4,violent,violent,0.9641213956899578,True,0.035878604310041716,0.9641213956899578,3.719748933127864e-16,60.5
33.480000000000004,-86.83,1,10,3,violent,violent,0.9997866241037122,True,0.0002133758962877245,0.9997866241037122,2.921166674890826e-17,54.0
33.480000000000004,-86.83,1,12,3,property,property,0.9998128147370096,True,0.9998128147370096,0.00018718526299036964,2.7360572071903828e-17,54.0
33.480000000000004,-86.83,2,9,3,property,property,0.9998128147374,True,0.9998128147374,0.00018718526259999544,2.7360572043379027e-17,54.0
33.480000000000004,-86.83,3,3,3,property,property,0.9998128147371546,True,0.9998128147371546,0.0001871852628455128,2.736057206131914e-17,54.0
33.480000000000004,-86.82000000000001,2,8,3,property,property,0.999812814422703,True,0.999812814422703,0.00018718557729694623,2.736059503843973e-17,54.0
33.480000000000004,-86.81,1,3,3,property,property,0.9998127920463844,True,0.9998127920463844,0.0001872079536155706,2.7362230037452036e-17,54.0
33.49,-86.9,0,8,3,property,property,0.9998128148668475,True,0.9998128148668475,0.0001871851331524816,2.7360562584579974e-17,54.0
33.49,-86.9,2,10,3,violent,violent,0.9997866230037188,True,0.0002133769962812693,0.9997866230037188,2.921174202860503e-17,54.0
33.49,-86.9,3,9,3,property,property,0.9998128147393281,True,0.9998128147393281,0.00018718526067174488,2.736057190248073e-17,54.0
33.49,-86.89,2,8,3,property,property,0.999812815008228,True,0.999812815008228,0.00018718499177181971,2.7360552253815723e-17,54.0
33.49,-86.89,3,1,4,violent,violent,0.9998130118055427,True,0.00018698819445729835,0.9998130118055427,2.7346168377216978e-17,62.7
33.49,-86.89,3,10,3,property,property,0.9998128147373136,True,0.9998128147373136,0.000187185262686401,2.736057204969261e-17,54.0
33.49,-86.88,1,1,3,property,property,0.9998128195414459,True,0.9998128195414459,0.00018718045855415638,2.73602210069895e-17,54.0
33.49,-86.88,1,2,3,property,property,0.9998128148157207,True,0.9998128148157207,0.0001871851842792701,2.7360566320442095e-17,54.0
33.49,-86.88,1,3,4,property,property,0.9998128147374987,True,0.9998128147374987,0.00018718526250124877,2.7360572036163535e-17,62.7
33.49,-86.88,2,1,3,property,property,0.999812814475716,True,0.999812814475716,0.00018718552428386288,2.736059116474911e-17,54.0
33.49,-86.88,2,3,3,property,property,0.9998128147370049,True,0.9998128147370049,0.0001871852629951293,2.7360572072251496e-17,54.0
33.49,-86.88,2,9,5,property,property,0.9998137358401419,True,0.9998137358401419,0.00018626415985809573,2.729318353523014e-17,69.9
33.49,-86.88,2,12,4,violent,violent,0.9419278032605014,True,0.058072196739498164,0.9419278032605014,4.677598405258569e-16,59.1
33.49,-86.87,0,1,4,property,property,0.9998128165605087,True,0.9998128165605087,0.00018718343949127573,2.7360438827549098e-17,62.7
33.49,-86.87,1,11,3,property,property,0.9998127917384528,True,0.9998127917384528,0.00018720826154731767,2.736225253681173e-17,54.0
33.49,-86.87,2,12,5,property,property,0.9998128147369068,True,0.9998128147369068,0.0001871852630931046,2.7360572079410822e-17,69.9
33.49,-86.87,3,1,3,property,property,0.9998128142054937,True,0.9998128142054937,0.00018718579450637332,2.736061091002784e-17,54.0
33.49,-86.87,3,11,3,property,property,0.9998128147372377,True,0.9998128147372377,0.00018718526276228175,2.7360572055237397e-17,54.0
33.49,-86.86,0,1,3,property,property,0.9998127962900358,True,0.9998127962900358,0.00018720370996415094,2.736191996867411e-17,54.0
33.49,-86.86,0,8,3,property,property,0.999812814737085,True,0.999812814737085,0.00018718526291504548,2.7360572066399853e-17,54.0
33.49,-86.86,1,8,4,property,property,0.999812819867177,True,0.999812819867177,0.00018718013282290362,2.736019720532108e-17,62.7
33.49,-86.86,2,1,4,property,property,0.9998128147368793,True,0.9998128147368793,0.00018718526312075747,2.7360572081431335e-17,62.7
33.49,-86.86,2,8,3,property,property,0.9998128150085932,True,0.9998128150085932,0.00018718499140678904,2.7360552227142773e-17,54.0
33.49,-86.86,3,1,5,violent,violent,0.9997962185023548,True,0.00020378149764517346,0.9997962185023548,2.854750232328705e-17,69.9
33.49,-86.86,3,9,3,property,property,0.9998128149478606,True,0.9998128149478606,0.00018718505213945606,2.7360556664913196e-17,54.0
33.49,-86.85000000000001,1,9,3,property,property,0.9998127477268552,True,0.9998127477268552,0.0001872522731447398,2.736546810045112e-17,54.0
33.49,-86.85000000000001,2,8,3,property,property,0.9998128147369727,True,0.9998128147369727,0.00018718526302716337,2.736057207459227e-17,54.0
33.49,-86.85000000000001,2,10,3,property,property,0.999812814736773,True,0.999812814736773,0.00018718526322693922,2.7360572089189992e-17,54.0
33.49,-86.84,1,8,3,property,property,0.9998128147373645,True,0.9998128147373645,0.00018718526263557708,2.736057204597905e-17,54.0
33.49,-86.84,2,1,3,property,property,0.999812814737311,True,0.999812814737311,0.00018718526268901405,2.736057204988364e-17,54.0
33.49,-86.84,2,11,3,violent,property,0.6230993856012809,False,0.6230993856012809,0.3769006143987182,9.692193621020886e-16,33.7
33.49,-86.84,3,1,3,property,property,0.9998128147005733,True,0.9998128147005733,0.00018718529942672477,2.736057473432722e-17,54.0
33.49,-86.83,2,2,3,property,property,0.9998128147369809,True,0.9998128147369809,0.00018718526301903375,2.736057207399838e-17,54.0
33.49,-86.82000000000001,1,3,3,property,property,0.9998128147372879,True,0.9998128147372879,0.00018718526271197837,2.7360572051561727e-17,54.0
33.5,-86.92,2,12,3,property,property,0.9998128147111974,True,0.9998128147111974,0.00018718528880249757,2.7360573958009365e-17,54.0
33.5,-86.91,1,1,3,property,property,0.9998127477274728,True,0.9998127477274728,0.00018725227252711646,2.736546805532897e-17,54.0
33.5,-86.9,0,9,3,property,property,0.9998127425765594,True,0.9998127425765594,0.0001872574234405711,2.736584436528376e-17,54.0
33.5,-86.9,2,10,3,property,property,0.9998128147390292,True,0.9998128147390292,0.00018718526097078302,2.7360571924331652e-17,54.0
33.5,-86.89,0,9,3,property,property,0.9998128147369774,True,0.9998128147369774,0.00018718526302270066,2.7360572074266176e-17,54.0
33.5,-86.89,1,8,3,property,property,0.9998128147515285,True,0.9998128147515285,0.00018718524847141416,2.7360571010996274e-17,54.0
33.5,-86.89,2,11,3,property,property,0.9998128147368982,True,0.9998128147368982,0.00018718526310176152,2.7360572080043193e-17,54.0
33.5,-86.88,0,12,4,property,property,0.9998128161511874,True,0.9998128161511874,0.0001871838488125865,2.7360468737000273e-17,62.7
33.5,-86.88,1,3,3,property,property,0.9998128147370606,True,0.9998128147370606,0.00018718526293947922,2.7360572068185217e-17,54.0
33.5,-86.88,1,10,3,property,property,0.9998128147372879,True,0.9998128147372879,0.00018718526271216854,2.7360572051575532e-17,54.0
33.5,-86.88,1,12,4,violent,violent,0.9389171276692865,True,0.061082872330712946,0.9389171276692865,4.789645308564245e-16,58.9
33.5,-86.88,2,1,5,property,property,0.999812788037419,True,0.999812788037419,0.00018721196258097376,2.7362522955312902e-17,69.9
33.5,-86.88,2,2,5,property,property,0.9998128147459864,True,0.9998128147459864,0.0001871852540137175,2.7360571415975118e-17,69.9
33.5,-86.88,2,8,3,property,property,0.9998128147367796,True,0.9998128147367796,0.00018718526322043528,2.7360572088714845e-17,54.0
33.5,-86.88,2,9,3,property,property,0.9998128147367796,True,0.9998128147367796,0.00018718526322043528,2.7360572088714845e-17,54.0
33.5,-86.88,2,10,3,property,property,0.9998128147369141,True,0.9998128147369141,0.00018718526308592317,2.7360572078885925e-17,54.0
33.5,-86.88,2,11,3,property,property,0.9998128147368058,True,0.9998128147368058,0.0001871852631942366,2.7360572086800443e-17,54.0
33.5,-86.88,2,12,6,property,property,0.9998130988008472,True,0.9998130988008472,0.00018690119915274427,2.733980749385122e-17,75.9
33.5,-86.88,3,1,3,violent,violent,0.9998128243445915,True,0.00018717565540861286,0.9998128243445915,2.7359870031879778e-17,54.0
33.5,-86.88,3,8,3,property,property,0.9998128147373698,True,0.9998128147373698,0.00018718526263008405,2.7360572045577545e-17,54.0
33.5,-86.88,3,9,4,violent,violent,0.9684641081460179,True,0.03153589185398157,0.9684641081460179,3.495218425250852e-16,60.8
33.5,-86.88,3,10,5,property,property,0.9998128148253733,True,0.9998128148253733,0.00018718517462662285,2.7360565615118043e-17,69.9
33.5,-86.87,2,9,3,property,property,0.9998128147370147,True,0.9998128147370147,0.00018718526298529652,2.7360572071533035e-17,54.0
33.5,-86.86,2,11,4,property,property,0.9998127881128734,True,0.9998127881128734,0.0001872118871265569,2.7362517442212092e-17,62.7
33.5,-86.86,3,8,3,property,property,0.9998128148672919,True,0.9998128148672919,0.00018718513270805736,2.7360562552105698e-17,54.0
33.5,-86.85000000000001,0,1,3,property,property,0.9998128147487572,True,0.9998128147487572,0.00018718525124292336,2.7360571213511838e-17,54.0
33.5,-86.85000000000001,2,3,3,property,property,0.9998128147373947,True,0.9998128147373947,0.00018718526260537075,2.736057204377178e-17,54.0
33.5,-86.85000000000001,2,9,3,property,property,0.9998128147373947,True,0.9998128147373947,0.00018718526260537075,2.736057204377178e-17,54.0
33.5,-86.85000000000001,2,10,4,violent,violent,0.9651095722535526,True,0.03489042774644698,0.9651095722535526,3.6700455606117186e-16,60.6
33.5,-86.85000000000001,3,10,4,violent,violent,0.9676799674595451,True,0.03232003254045445,0.9676799674595451,3.5369731841754995e-16,60.7
33.5,-86.84,3,12,3,property,property,0.9998128146976833,True,0.9998128146976833,0.00018718530231669772,2.7360574945499107e-17,54.0
33.5,-86.8,1,1,4,property,property,0.9998127485772749,True,0.9998127485772749,0.00018725142272522506,2.7365405970908817e-17,62.7
33.5,-86.8,2,9,3,property,property,0.9998128147370453,True,0.9998128147370453,0.00018718526295477105,2.7360572069302648e-17,54.0
33.5,-86.8,3,10,3,property,property,0.9998128147374165,True,0.9998128147374165,0.0001871852625835683,2.7360572042178615e-17,54.0
33.5,-86.78,3,9,3,property,property,0.9998128147472143,True,0.9998128147472143,0.00018718525278579656,2.7360571326250292e-17,54.0
33.51,-86.9,3,3,3,property,property,0.9998128149553807,True,0.9998128149553807,0.0001871850446194625,2.736055611542308e-17,54.0
33.51,-86.89,0,10,3,violent,violent,0.9998128440730458,True,0.00018715592695417116,0.9998128440730458,2.7358428388395124e-17,54.0
33.51,-86.89,1,1,3,property,property,0.9998127477267459,True,0.9998127477267459,0.0001872522732540727,2.7365468108438578e-17,54.0
33.51,-86.87,0,10,3,property,property,0.9998128148306147,True,0.9998128148306147,0.00018718516938537815,2.7360565232137515e-17,54.0
33.51,-86.87,2,8,4,property,property,0.9998128147370828,True,0.9998128147370828,0.00018718526291724226,2.7360572066560373e-17,62.7
33.51,-86.87,2,11,3,property,property,0.9998128144705344,True,0.9998128144705344,0.0001871855294656756,2.7360591543386403e-17,54.0
33.51,-86.86,0,12,5,violent,violent,0.9995433749150391,True,0.00045662508496083405,0.9995433749150391,4.272781678503649e-17,69.8
33.51,-86.85000000000001,0,9,3,property,property,0.9998128147379636,True,0.9998128147379636,0.0001871852620365414,2.736057200220705e-17,54.0
33.51,-86.85000000000001,1,1,3,property,property,0.999812817277707,True,0.999812817277707,0.0001871827222929754,2.7360386421189596e-17,54.0
33.51,-86.85000000000001,1,11,3,property,property,0.999812758749958,True,0.999812758749958,0.00018724125004185099,2.7364662768929796e-17,54.0
33.51,-86.85000000000001,2,12,4,property,property,0.9998823987756179,True,0.9998823987756179,0.00011760122438200427,2.168754436879586e-17,62.8
33.51,-86.85000000000001,3,2,3,property,property,0.9998128146229425,True,0.9998128146229425,0.00018718537705759812,2.736058040685442e-17,54.0
33.51,-86.85000000000001,3,8,3,property,property,0.9998128147372104,True,0.9998128147372104,0.00018718526278964565,2.7360572057236728e-17,54.0
33.51,-86.84,0,9,3,property,property,0.999812796290478,True,0.999812796290478,0.00018720370952191015,2.7361919936361086e-17,54.0
33.51,-86.84,0,10,3,violent,violent,0.9998128118255833,True,0.00018718817441671355,0.9998128118255833,2.736078481051784e-17,54.0
33.51,-86.84,1,2,3,property,property,0.9998128147374886,True,0.9998128147374886,0.00018718526251134947,2.736057203690162e-17,54.0
33.51,-86.84,1,3,4,property,property,0.9998127350540251,True,0.9998127350540251,0.00018726494597482584,2.7366393929283716e-17,62.7
33.51,-86.84,1,8,6,property,property,0.9998128147524545,True,0.9998128147524545,0.00018718524754542129,2.736057094333342e-17,75.9
33.51,-86.84,1,9,5,property,property,0.9998128147373394,True,0.9998128147373394,0.00018718526266050015,2.7360572047800164e-17,69.9
33.51,-86.84,1,10,4,property,property,0.9998128147375354,True,0.9998128147375354,0.00018718526246465752,2.7360572033489673e-17,62.7
33.51,-86.84,1,11,5,property,property,0.9998128147392539,True,0.9998128147392539,0.00018718526074616815,2.736057190791883e-17,69.9
33.51,-86.84,2,3,4,violent,violent,0.9997867597255886,True,0.00021324027441129104,0.9997867597255886,2.9202383775533604e-17,62.7
33.51,-86.84,2,8,6,property,property,0.9998128147369354,True,0.9998128147369354,0.00018718526306464266,2.7360572077331046e-17,75.9
33.51,-86.84,2,9,4,property,property,0.9998128147370431,True,0.9998128147370431,0.00018718526295692162,2.7360572069459665e-17,62.7
33.51,-86.84,2,10,3,property,property,0.9998128147370415,True,0.9998128147370415,0.000187185262958538,2.7360572069577825e-17,54.0
33.51,-86.84,2,11,4,property,property,0.9998128147374622,True,0.9998128147374622,0.00018718526253788396,2.7360572038840513e-17,62.7
33.51,-86.84,2,12,4,property,property,0.999812814737454,True,0.999812814737454,0.0001871852625460129,2.73605720394344e-17,62.7
33.51,-86.84,3,3,3,violent,violent,0.999812822966849,True,0.0001871770331510804,0.999812822966849,2.73599707066404e-17,54.0
33.51,-86.84,3,8,3,property,property,0.999812814736773,True,0.999812814736773,0.00018718526322698912,2.7360572089193686e-17,54.0
33.51,-86.84,3,9,8,property,property,0.9998126879114716,True,0.9998126879114716,0.00018731208852848071,2.736983771005338e-17,85.7
33.51,-86.84,3,10,6,property,property,0.9998128147373789,True,0.9998128147373789,0.0001871852626210871,2.736057204492011e-17,75.9
33.51,-86.84,3,11,5,property,property,0.9998137358401419,True,0.9998137358401419,0.00018626415985809573,2.729318353523014e-17,69.9
33.51,-86.83,3,3,3,violent,violent,0.9998128248352802,True,0.00018717516471990255,0.9998128248352802,2.7359834176055586e-17,54.0
33.51,-86.82000000000001,0,8,6,property,property,0.9998130802649912,True,0.9998130802649912,0.00018691973500877337,2.7341162914352076e-17,75.9
33.51,-86.82000000000001,1,9,3,property,property,0.9998128147378692,True,0.9998128147378692,0.00018718526213079104,2.7360572009093924e-17,54.0
33.51,-86.81,0,8,3,property,property,0.9998127962902232,True,0.9998127962902232,0.0001872037097768812,2.7361919954991037e-17,54.0
33.51,-86.81,0,9,9,violent,violent,0.9995638516625261,True,0.00043614833747378007,0.9995638516625261,4.175922007242804e-17,89.7
33.51,-86.81,1,8,6,property,property,0.9998128147362234,True,0.9998128147362234,0.0001871852637766706,2.7360572129359202e-17,75.9
33.51,-86.81,1,9,4,property,property,0.9998128147370937,True,0.9998128147370937,0.0001871852629063407,2.736057206576379e-17,62.7
33.51,-86.81,1,12,4,property,property,0.9998128147375569,True,0.9998128147375569,0.00018718526244297003,2.736057203190505e-17,62.7
33.51,-86.81,2,1,3,property,property,0.999812814737068,True,0.999812814737068,0.00018718526293205471,2.736057206764263e-17,54.0
33.51,-86.81,2,2,3,property,property,0.9998128147374111,True,0.9998128147374111,0.00018718526258893197,2.7360572042570593e-17,54.0
33.51,-86.81,2,8,5,property,property,0.9998128148966552,True,0.9998128148966552,0.00018718510334478456,2.7360560406515182e-17,69.9
33.51,-86.81,2,10,4,property,property,0.9998128147370664,True,0.9998128147370664,0.00018718526293367072,2.7360572067760786e-17,62.7
33.51,-86.81,3,1,4,property,property,0.9998128165396418,True,0.9998128165396418,0.00018718346035825632,2.736044035231772e-17,62.7
33.51,-86.81,3,2,3,property,property,0.9998128147373461,True,0.9998128147373461,0.00018718526265401917,2.7360572047326573e-17,54.0
33.51,-86.81,3,11,4,property,property,0.9998128147368394,True,0.9998128147368394,0.00018718526316073073,2.7360572084352204e-17,62.7
33.51,-86.81,3,12,3,property,property,0.9998128147373665,True,0.9998128147373665,0.00018718526263360635,2.7360572045835047e-17,54.0
33.51,-86.8,2,11,3,property,property,0.9998128147470677,True,0.9998128147470677,0.00018718525293221955,2.7360571336949446e-17,54.0
33.51,-86.8,3,2,5,property,property,0.9998137358401419,True,0.9998137358401419,0.00018626415985809573,2.729318353523014e-17,69.9
33.51,-86.79,1,3,3,property,property,0.9998128150382399,True,0.9998128150382399,0.0001871849617601652,2.73605500608468e-17,54.0
33.51,-86.79,2,11,3,property,property,0.9998128150800446,True,0.9998128150800446,0.00018718491995541503,2.736054700614929e-17,54.0
33.51,-86.79,3,1,4,property,property,0.9998823987756179,True,0.9998823987756179,0.00011760122438200427,2.168754436879586e-17,62.8
33.51,-86.79,3,11,3,property,property,0.9998128147369789,True,0.9998128147369789,0.00018718526302116212,2.736057207415385e-17,54.0
33.51,-86.78,0,10,3,property,property,0.9998128147373536,True,0.9998128147373536,0.00018718526264648863,2.7360572046776217e-17,54.0
33.52,-86.89,3,8,4,property,property,0.9998127883152078,True,0.9998127883152078,0.00018721168479224185,2.736250265858607e-17,62.7
33.52,-86.83,1,8,4,property,property,0.9998127949237622,True,0.9998127949237622,0.00018720507623782884,2.736201979790062e-17,62.7
33.52,-86.82000000000001,1,11,3,property,property,0.9998128147374844,True,0.9998128147374844,0.00018718526251559512,2.736057203721178e-17,54.0
33.52,-86.82000000000001,2,12,3,property,property,0.9998128147443367,True,0.9998128147443367,0.00018718525566336627,2.7360571536515964e-17,54.0
33.52,-86.81,0,10,3,property,property,0.9998127962904931,True,0.9998127962904931,0.00018720370950682497,2.736191993525876e-17,54.0
33.52,-86.81,2,1,4,property,property,0.9998128147370631,True,0.9998128147370631,0.00018718526293691638,2.7360572067997875e-17,62.7
33.52,-86.81,2,2,3,property,property,0.9998128147374067,True,0.9998128147374067,0.00018718526259327734,2.7360572042888134e-17,54.0
33.52,-86.81,2,9,4,property,property,0.9998128194192409,True,0.9998128194192409,0.00018718058075910618,2.7360229936682352e-17,62.7
33.52,-86.8,0,12,3,violent,property,0.7436243050754295,False,0.7436243050754295,0.2563756949245696,8.732633036138768e-16,40.2
33.52,-86.8,1,11,3,property,property,0.9998127917053705,True,0.9998127917053705,0.000187208294629474,2.7362254953993518e-17,54.0
33.52,-86.8,2,1,4,property,property,0.9998128147371392,True,0.9998128147371392,0.00018718526286090305,2.7360572062443564e-17,62.7
33.52,-86.8,3,1,3,property,property,0.99981281473699,True,0.99981281473699,0.00018718526301003482,2.7360572073340747e-17,54.0
33.52,-86.8,3,9,3,property,property,0.9998128147374713,True,0.9998128147374713,0.0001871852625286576,2.7360572038166163e-17,54.0
33.52,-86.8,3,10,4,property,property,0.9998128147370762,True,0.9998128147370762,0.00018718526292383763,2.7360572067042324e-17,62.7
33.52,-86.79,1,1,3,property,property,0.9998127477272579,True,0.9998127477272579,0.00018725227274211552,2.7365468071036248e-17,54.0
33.52,-86.79,1,8,3,property,property,0.9998128147373168,True,0.9998128147373168,0.00018718526268313604,2.736057204945416e-17,54.0
33.53,-86.82000000000001,3,9,3,property,property,0.9998128147416778,True,0.9998128147416778,0.00018718525832208606,2.7360571730789932e-17,54.0
33.53,-86.81,1,9,3,property,property,0.9998128147404901,True,0.9998128147404901,0.00018718525950984529,2.7360571817580098e-17,54.0
33.53,-86.8,3,2,4,violent,violent,0.9998130138353237,True,0.00018698616467624542,0.9998130138353237,2.7346019981473958e-17,62.7
33.53,-86.78,0,3,4,property,property,0.9998128147420288,True,0.9998128147420288,0.0001871852579712576,2.7360571705154717e-17,62.7
33.53,-86.74,3,8,3,violent,violent,0.9998128149616858,True,0.00018718503831417576,0.9998128149616858,2.7360555654692288e-17,54.0
33.53,-86.73,2,10,3,property,property,0.9998128147399261,True,0.9998128147399261,0.00018718526007392933,2.736057185879794e-17,54.0
33.53,-86.72,1,11,3,property,property,0.9998128147373057,True,0.9998128147373057,0.00018718526269423443,2.736057205026512e-17,54.0
33.53,-86.72,2,2,3,property,property,0.9998823987756179,True,0.9998823987756179,0.00011760122438200427,2.168754436879586e-17,54.1
33.53,-86.72,2,3,4,property,property,0.9998128147370102,True,0.9998128147370102,0.00018718526298968014,2.736057207185349e-17,62.7
33.53,-86.72,2,8,9,property,property,0.9998208862080049,True,0.9998208862080049,0.0001791137919949595,2.676428303121253e-17,89.8
33.53,-86.72,2,9,9,property,property,0.9998208862080049,True,0.9998208862080049,0.0001791137919949595,2.676428303121253e-17,89.8
33.53,-86.72,2,10,9,property,property,0.9998208862080049,True,0.9998208862080049,0.0001791137919949595,2.676428303121253e-17,89.8
33.53,-86.72,2,11,7,property,property,0.9998128147695413,True,0.9998128147695413,0.00018718523045866374,2.736056969479493e-17,81.1
33.53,-86.72,2,12,4,property,property,0.9998128147355517,True,0.9998128147355517,0.00018718526444816777,2.7360572178425873e-17,62.7
33.53,-86.72,3,2,5,property,property,0.9998128147369405,True,0.9998128147369405,0.00018718526305952133,2.7360572076956756e-17,69.9
33.54,-86.87,2,11,3,property,property,0.9998128147403954,True,0.9998128147403954,0.00018718525960473292,2.7360571824513612e-17,54.0
33.54,-86.82000000000001,3,1,7,property,property,0.9998127955095383,True,0.9998127955095383,0.00018720449046168969,2.7361976997165306e-17,81.1
33.54,-86.77,0,3,3,property,property,0.9998128147383052,True,0.9998128147383052,0.00018718526169480128,2.736057197723607e-17,54.0
33.54,-86.77,1,2,3,property,property,0.999812814739851,True,0.999812814739851,0.00018718526014898916,2.7360571864282672e-17,54.0
33.54,-86.77,1,9,3,property,property,0.9998127920744421,True,0.9998127920744421,0.00018720792555782767,2.7362227987382487e-17,54.0
33.54,-86.77,2,1,4,property,property,0.9998128147393344,True,0.9998128147393344,0.00018718526066561694,2.7360571902032985e-17,62.7
33.54,-86.77,2,2,3,property,property,0.9998128147385285,True,0.9998128147385285,0.00018718526147153017,2.7360571960921387e-17,54.0
33.54,-86.77,2,10,3,property,property,0.9998128144371862,True,0.9998128144371862,0.00018718556281374787,2.7360593980145692e-17,54.0
33.54,-86.77,2,11,4,property,property,0.9998128161357325,True,0.9998128161357325,0.00018718386426738704,2.7360469866294832e-17,62.7
33.54,-86.77,3,2,3,property,property,0.9998128145333637,True,0.9998128145333637,0.0001871854666363309,2.736058695241632e-17,54.0
33.54,-86.77,3,8,3,property,property,0.9998128145978981,True,0.9998128145978981,0.00018718540210183211,2.7360582236848968e-17,54.0
33.54,-86.77,3,9,3,violent,violent,0.9998128157923069,True,0.00018718420769328907,0.9998128157923069,2.7360494960686934e-17,54.0
33.54,-86.77,3,12,3,property,property,0.9998128146167369,True,0.9998128146167369,0.00018718538326323737,2.7360580860303674e-17,54.0
33.54,-86.76,0,9,3,violent,violent,0.9998128141881876,True,0.00018718581181230946,0.9998128141881876,2.7360612174579743e-17,54.0
33.54,-86.76,3,9,4,violent,violent,0.9641770923881237,True,0.03582290761187592,0.9641770923881237,3.716967966108482e-16,60.5
33.54,-86.76,3,11,4,violent,violent,0.9998130113717505,True,0.00018698862824957676,0.9998130113717505,2.7346200091334627e-17,62.7
33.54,-86.75,0,1,3,property,property,0.9998128147387433,True,0.9998128147387433,0.00018718526125665865,2.7360571945220612e-17,54.0
33.54,-86.75,2,2,3,property,property,0.9998128147383332,True,0.9998128147383332,0.00018718526166693772,2.7360571975200016e-17,54.0
33.54,-86.75,2,9,3,property,property,0.999812815036813,True,0.999812815036813,0.00018718496318697776,2.736055016510494e-17,54.0
33.54,-86.74,2,10,3,property,property,0.9998128153257073,True,0.9998128153257073,0.00018718467429265038,2.736052905542063e-17,54.0
33.54,-86.74,2,11,3,property,property,0.9998128147503679,True,0.9998128147503679,0.00018718524963206036,2.736057109580518e-17,54.0
33.54,-86.72,1,9,3,property,property,0.9998128147369774,True,0.9998128147369774,0.0001871852630226232,2.7360572074260537e-17,54.0
33.54,-86.72,3,11,4,violent,violent,0.9262282293785189,True,0.0737717706214804,0.9262282293785189,5.227982286755824e-16,58.1
33.55,-86.82000000000001,0,10,3,property,property,0.9998128147526756,True,0.9998128147526756,0.00018718524732428316,2.736057092717479e-17,54.0
33.55,-86.82000000000001,2,1,3,property,property,0.9998128145176164,True,0.9998128145176164,0.00018718548238363963,2.7360588103079883e-17,54.0
33.55,-86.81,2,8,3,property,property,0.9998128147399763,True,0.9998128147399763,0.00018718526002377855,2.7360571855133544e-17,54.0
33.55,-86.74,2,2,3,property,property,0.9998128147387277,True,0.9998128147387277,0.00018718526127232946,2.736057194636564e-17,54.0
33.55,-86.74,3,11,3,property,property,0.9998128147023587,True,0.9998128147023587,0.00018718529764133641,2.736057460386805e-17,54.0
33.55,-86.73,2,2,3,property,property,0.9998128141289454,True,0.9998128141289454,0.00018718587105453948,2.7360616503433728e-17,54.0
33.56,-86.8,1,1,4,violent,violent,0.9998131623156372,True,0.0001868376843627058,0.9998131623156372,2.7335162512607097e-17,62.7
33.56,-86.78,2,9,3,property,property,0.9998128147401153,True,0.9998128147401153,0.00018718525988480433,2.7360571844978528e-17,54.0
33.56,-86.73,0,1,3,property,property,0.9998128147406506,True,0.9998128147406506,0.0001871852593493911,2.7360571805855625e-17,54.0
33.56,-86.73,1,1,4,violent,violent,0.9647014630177299,True,0.035298536982269854,0.9647014630177299,3.690666634429707e-16,60.5
33.56,-86.73,1,9,4,property,property,0.9998128149645408,True,0.9998128149645408,0.000187185035459203,2.7360555446077812e-17,62.7
33.56,-86.73,1,11,5,property,property,0.9998127471000798,True,0.9998127471000798,0.0001872528999200666,2.7365513891012562e-17,69.9
33.56,-86.73,1,12,5,property,property,0.9998128149644555,True,0.9998128149644555,0.0001871850355444749,2.7360555452308602e-17,69.9
33.56,-86.73,2,1,6,property,property,0.9998128147386862,True,0.9998128147386862,0.00018718526131377078,2.7360571949393778e-17,75.9
33.56,-86.73,2,2,4,violent,violent,0.9603861141043963,True,0.039613885895603274,0.9603861141043963,3.9010063427719106e-16,60.3
33.56,-86.73,2,8,3,violent,violent,0.999726410366831,True,0.0002735896331691678,0.999726410366831,3.30765647470312e-17,54.0
33.56,-86.73,2,12,4,property,property,0.9998126901352263,True,0.9998126901352263,0.00018730986477363937,2.7369675273694735e-17,62.7
33.56,-86.73,3,1,6,property,property,0.9998128147385218,True,0.9998128147385218,0.0001871852614781854,2.736057196140781e-17,75.9
33.56,-86.73,3,2,7,property,property,0.9998128148704448,True,0.9998128148704448,0.0001871851295552032,2.73605623217248e-17,81.1
33.56,-86.73,3,3,4,property,property,0.9998128147400025,True,0.9998128147400025,0.00018718525999742756,2.736057185320787e-17,62.7
33.56,-86.73,3,9,4,violent,violent,0.9684447117316365,True,0.03155528826836302,0.9684447117316365,3.4962581296221608e-16,60.8
33.56,-86.73,3,12,5,property,property,0.9998127588324296,True,0.9998127588324296,0.00018724116757031176,2.7364656743592197e-17,69.9
33.56,-86.72,1,1,3,property,property,0.999812814737458,True,0.999812814737458,0.0001871852625420455,2.7360572039144453e-17,54.0
33.56,-86.72,2,3,5,property,property,0.999812729726935,True,0.999812729726935,0.00018727027306490677,2.7366783096894835e-17,69.9
33.56,-86.72,2,11,3,property,property,0.9998128147356543,True,0.9998128147356543,0.00018718526434582177,2.7360572170947447e-17,54.0
33.57,-86.81,2,11,3,property,property,0.9998128060372794,True,0.9998128060372794,0.00018719396272065178,2.7361207758343408e-17,54.0
33.57,-86.72,0,1,3,violent,violent,0.9998128252046965,True,0.00018717479530343275,0.9998128252046965,2.73598071818595e-17,54.0
33.57,-86.72,1,11,3,property,property,0.9998128147360653,True,0.9998128147360653,0.0001871852639346341,2.7360572140901772e-17,54.0
33.57,-86.72,2,2,3,violent,violent,0.999813063108356,True,0.000186936891643836,0.999813063108356,2.7342417420436648e-17,54.0
33.57,-86.72,3,8,3,property,property,0.999812814864552,True,0.999812814864552,0.00018718513544809326,2.7360562752321622e-17,54.0
33.57,-86.72,3,9,4,violent,violent,0.9684641081460179,True,0.03153589185398157,0.9684641081460179,3.495218425250852e-16,60.8
33.57,-86.71000000000001,2,10,5,property,property,0.9998128147357987,True,0.9998128147357987,0.00018718526420115507,2.7360572160376547e-17,69.9
33.59,-86.7,1,8,3,property,property,0.9998128147365832,True,0.9998128147365832,0.0001871852634168764,2.7360572103068875e-17,54.0
33.59,-86.7,1,10,4,property,property,0.9998128147586035,True,0.9998128147586035,0.00018718524139634915,2.7360570494017466e-17,62.7
33.59,-86.7,2,10,4,property,property,0.9998128147360993,True,0.9998128147360993,0.00018718526390059764,2.7360572138414663e-17,62.7
33.59,-86.7,2,11,5,property,property,0.9998128147369223,True,0.9998128147369223,0.00018718526307760736,2.7360572078278234e-17,69.9
33.59,-86.7,3,2,3,property,property,0.9998128141416276,True,0.9998128141416276,0.0001871858583724508,2.7360615576748505e-17,54.0
33.59,-86.7,3,11,5,property,property,0.9998128149305959,True,0.9998128149305959,0.00018718506940400365,2.73605579264434e-17,69.9
33.6,-86.71000000000001,3,1,3,property,property,0.9998128147384818,True,0.9998128147384818,0.00018718526151816832,2.736057196432926e-17,54.0
33.6,-86.7,3,1,3,property,property,0.999812814739785,True,0.999812814739785,0.0001871852602150488,2.736057186910959e-17,54.0
33.61,-86.71000000000001,2,8,3,violent,violent,0.9997866230037188,True,0.0002133769962812693,0.9997866230037188,2.921174202860503e-17,54.0
33.61,-86.69,2,2,4,property,property,0.9998128154772227,True,0.9998128154772227,0.00018718452277729217,2.7360517984094736e-17,62.7
33.61,-86.69,2,3,3,property,property,0.9998128154772269,True,0.9998128154772269,0.00018718452277311304,2.736051798378924e-17,54.0
33.61,-86.69,2,9,4,property,property,0.9998128154770918,True,0.9998128154770918,0.00018718452290815616,2.7360517993657003e-17,62.7
33.61,-86.69,2,11,3,violent,violent,0.9998130653795524,True,0.00018693462044768307,0.9998130653795524,2.7342251352170315e-17,54.0
33.61,-86.67,0,3,3,violent,violent,0.9998128302429038,True,0.00018716975709621826,0.9998128302429038,2.735943902465159e-17,54.0
33.62,-86.7,1,11,3,property,property,0.999812800396899,True,0.999812800396899,0.00018719960310097282,2.736161989118688e-17,54.0
33.65,-86.71000000000001,2,10,3,property,property,0.9998127996957415,True,0.9998127996957415,0.00018720030425845952,2.736167112311855e-17,54.0
33.660000000000004,-86.68,0,11,3,property,property,0.9998127239236689,True,0.9998127239236689,0.00018727607633115277,2.736720704498848e-17,54.0
33.660000000000004,-86.68,3,2,3,violent,violent,0.9998128150638623,True,0.00018718493613769236,0.9998128150638623,2.7360548188597867e-17,54.0
