lat_bin,lon_bin,time_slot,total_count,dominant_category,pred,conf,ok,p_other,p_property,p_violent,risk
40.7,-111.94,3,3,violent,violent,0.6818025274513313,True,0.14225754155955672,0.175939930989112,0.6818025274513313,16.9
40.7,-111.86,0,17,property,property,0.9978371514837082,True,0.0010809936117943935,0.9978371514837082,0.0010818549044973454,51.4
40.7,-111.86,1,8,property,property,0.9982957204262033,True,0.0008487592286473912,0.9982957204262033,0.000855520345149476,39.1
40.7,-111.86,2,32,property,property,0.9977998370887495,True,0.0011001108064030531,0.9977998370887495,0.0011000521048472617,62.2
40.7,-111.86,3,14,property,property,0.9978117706545768,True,0.001093389650507925,0.9978117706545768,0.0010948396949152046,48.2
40.7,-111.85000000000001,2,3,other,other,0.9977551166849691,True,0.9977551166849691,0.0011476468416625177,0.0010972364733683522,24.7
40.7,-111.85000000000001,3,3,other,other,0.9977652110270586,True,0.9977652110270586,0.0011370353275337083,0.0010977536454075411,24.7
40.71,-111.88,2,3,other,other,0.9977605031956162,True,0.9977605031956162,0.0011429413771892102,0.0010965554271944447,24.7
40.71,-111.87,0,6,property,property,0.9978102983547132,True,0.0010942658561976582,0.9978102983547132,0.0010954357890892129,34.6
40.71,-111.87,1,16,other,other,0.9977877158757266,True,0.9977877158757266,0.0011057920520754288,0.0011064920721981322,50.4
40.71,-111.87,2,22,other,other,0.997469769795178,True,0.997469769795178,0.0014591715370518635,0.0010710586677701868,55.8
40.71,-111.87,3,18,other,other,0.9977999715286081,True,0.9977999715286081,0.0010942369789744553,0.001105791492417528,52.4
40.71,-111.86,0,8,other,other,0.9977542573789148,True,0.9977542573789148,0.0011481391733750002,0.0010976034477103351,39.1
40.71,-111.86,1,6,other,other,0.9977569770139547,True,0.9977569770139547,0.0011450868233235558,0.0010979361627217192,34.6
40.71,-111.86,2,29,other,other,0.9977604432038182,True,0.9977604432038182,0.001143482660939195,0.0010960741352426815,60.5
40.71,-111.86,3,17,property,property,0.99683081645211,True,0.0015419188920616773,0.99683081645211,0.0016272646558281164,51.4
40.71,-111.85000000000001,0,12,property,property,0.9977251326954308,True,0.0011968802466520868,0.9977251326954308,0.0010779870579170452,45.6
40.71,-111.85000000000001,1,10,property,property,0.9978412462030836,True,0.001076691311088302,0.9978412462030836,0.0010820624858281444,42.7
40.71,-111.85000000000001,2,20,other,other,0.9960929544029697,True,0.9960929544029697,0.0028503726529992865,0.0010566729440309912,54.1
40.71,-111.85000000000001,3,14,other,other,0.9977909021366976,True,0.9977909021366976,0.0011027708271793505,0.0011063270361232058,48.2
40.71,-111.84,0,7,property,property,0.998107113232826,True,0.0009460264997783576,0.998107113232826,0.0009468602673956593,37.0
40.71,-111.84,1,5,other,other,0.9977513300200408,True,0.9977513300200408,0.0011512894563745172,0.0010973805235846184,31.9
40.71,-111.84,2,12,other,other,0.99779443166545,True,0.99779443166545,0.0012098538913104953,0.0009957144432393445,45.6
40.71,-111.84,3,6,violent,violent,0.6807125686204231,True,0.14203870416054262,0.17724872721903437,0.6807125686204231,23.6
40.71,-111.83,0,3,property,property,0.9978098540777351,True,0.001094702780760735,0.9978098540777351,0.0010954431415040606,24.7
40.71,-111.83,2,4,other,other,0.9978143485929233,True,0.9978143485929233,0.0010908061803831899,0.0010948452266936277,28.6
40.71,-111.83,3,9,property,property,0.9978107925026679,True,0.0010944199626465422,0.9978107925026679,0.0010947875346854952,41.0
40.71,-111.82000000000001,3,3,other,other,0.9983977982456759,True,0.9983977982456759,0.0007992657282492237,0.0008029360260748863,24.7
40.72,-111.94,0,3,other,other,0.9977547996210746,True,0.9977547996210746,0.0011475813771695724,0.0010976190017557774,24.7
40.72,-111.88,0,3,violent,violent,0.6807130150221685,True,0.14203814152157038,0.17724884345626116,0.6807130150221685,16.8
40.72,-111.88,1,9,other,other,0.9978468848810111,True,0.9978468848810111,0.0010987393822852868,0.001054375736703742,41.0
40.72,-111.88,2,3,other,other,0.9977561949821286,True,0.9977561949821286,0.0011465068254820705,0.001097298192389184,24.7
40.72,-111.87,0,27,other,other,0.9975811818996768,True,0.9975811818996768,0.0013170557768076283,0.00110176232351554,59.3
40.72,-111.87,1,34,other,other,0.9976791553221256,True,0.9976791553221256,0.0012190821278696123,0.0011017625500047356,63.2
40.72,-111.87,2,49,other,other,0.9854848590719634,True,0.9854848590719634,0.007513252900896444,0.007001888027140215,68.7
40.72,-111.87,3,32,other,other,0.9974655861703072,True,0.9974655861703072,0.00131124237459289,0.0012231714550998522,62.2
40.72,-111.86,0,34,property,property,0.9978111074256756,True,0.0010936592888910414,0.9978111074256756,0.0010952332854333655,63.2
40.72,-111.86,1,39,other,other,0.9891309686712492,True,0.9891309686712492,0.00930743537569515,0.0015615959530557047,65.1
40.72,-111.86,2,78,other,other,0.9966152931684616,True,0.9966152931684616,0.001905769870708897,0.0014789369608295302,77.6
40.72,-111.86,3,57,property,property,0.9974324903009544,True,0.0012855944035030794,0.9974324903009544,0.0012819152955424688,72.2
40.72,-111.85000000000001,0,12,other,other,0.9976588839306285,True,0.9976588839306285,0.00125046049834992,0.001090655571021618,45.6
40.72,-111.85000000000001,1,13,other,other,0.9977554783215317,True,0.9977554783215317,0.001147426150773174,0.0010970955276951631,46.9
40.72,-111.85000000000001,2,34,other,other,0.9978949916721773,True,0.9978949916721773,0.0010505216600468089,0.0010544866677759798,63.3
40.72,-111.85000000000001,3,21,property,property,0.9978379039704411,True,0.0010806974501607694,0.9978379039704411,0.0010813985793980687,55.0
40.72,-111.84,0,3,other,other,0.9977571769500124,True,0.9977571769500124,0.0011452507077525913,0.0010975723422349583,24.7
40.72,-111.84,1,7,other,other,0.9978840360418253,True,0.9978840360418253,0.0010268674014289186,0.0010890965567457416,37.0
40.72,-111.84,2,8,other,other,0.9563583271488449,True,0.9563583271488449,0.00043809095528856643,0.0432035818958665,37.5
40.72,-111.84,3,15,property,property,0.9978113125570112,True,0.0010945031145311115,0.9978113125570112,0.0010941843284577718,49.3
40.72,-111.83,0,5,other,other,0.9975375900641941,True,0.9975375900641941,0.0013658675214401179,0.0010965424143660077,31.9
40.72,-111.83,1,3,other,other,0.9977571791136868,True,0.9977571791136868,0.00114554606929565,0.0010972748170176127,24.7
40.72,-111.83,2,4,other,other,0.9978461391218325,True,0.9978461391218325,0.001099062977418221,0.0010547979007492704,28.6
40.72,-111.83,3,4,property,property,0.9978112762057522,True,0.001094597034986696,0.9978112762057522,0.0010941267592611689,28.6
40.72,-111.82000000000001,0,4,property,property,0.9978108801511488,True,0.0010945444585380927,0.9978108801511488,0.0010945753903132491,28.6
40.72,-111.82000000000001,1,4,property,property,0.9982648074472008,True,0.0008680312836854385,0.9982648074472008,0.0008671612691137131,28.6
40.72,-111.82000000000001,2,3,property,property,0.9978821835515794,True,0.00100046950717205,0.9978821835515794,0.001117346941248516,24.7
40.72,-111.82000000000001,3,6,other,other,0.9976857191715097,True,0.9976857191715097,0.001209860991480281,0.0011044198370101105,34.6
40.72,-111.81,0,11,property,property,0.9978369537077612,True,0.0010809382535844957,0.9978369537077612,0.0010821080386543298,44.2
40.72,-111.81,1,18,property,property,0.9977039550241382,True,0.0012010277908433534,0.9977039550241382,0.0010950171850183494,52.4
40.72,-111.81,2,14,other,other,0.9977913091331223,True,0.9977913091331223,0.0011027238243231882,0.001105967042554386,48.2
40.72,-111.81,3,20,property,other,0.9617019497273768,False,0.9617019497273768,0.03432395724010133,0.0039740930325220915,52.2
40.730000000000004,-112.02,0,5,property,property,0.8258402905611801,True,0.14486669759262247,0.8258402905611801,0.029293011846197373,26.4
40.730000000000004,-112.02,1,5,other,other,0.9977176540988683,True,0.9977176540988683,0.0011401915673178453,0.0011421543338139663,31.9
40.730000000000004,-112.02,3,3,other,other,0.9976853025126129,True,0.9976853025126129,0.0011821320220967548,0.00113256546529046,24.7
40.730000000000004,-112.01,1,3,other,other,0.9984248675104571,True,0.9984248675104571,0.0007894081376121361,0.000785724351930609,24.7
40.730000000000004,-112.01,2,3,property,property,0.9978104890748344,True,0.0010945567320940182,0.9978104890748344,0.0010949541930716485,24.7
40.730000000000004,-112.01,3,4,property,property,0.9978106489255821,True,0.0010944597356554832,0.9978106489255821,0.0010948913387622717,28.6
40.730000000000004,-112.0,1,4,property,property,0.9974962516317415,True,0.0014019914504731544,0.9974962516317415,0.0011017569177852946,28.6
40.730000000000004,-112.0,2,4,property,property,0.9978107222597948,True,0.001094446167237035,0.9978107222597948,0.0010948315729680676,28.6
40.730000000000004,-111.99000000000001,0,5,property,property,0.9978116893311415,True,0.0010943738425734843,0.9978116893311415,0.0010939368262851215,31.9
40.730000000000004,-111.99000000000001,1,5,other,other,0.9978063373724618,True,0.9978063373724618,0.0011206431979033584,0.0010730194296348116,31.9
40.730000000000004,-111.99000000000001,2,3,property,property,0.9978952964517701,True,0.0009875596660381706,0.9978952964517701,0.00111714388219169,24.7
40.730000000000004,-111.99000000000001,3,3,violent,violent,0.6807083385179681,True,0.14204403572683216,0.1772476257551997,0.6807083385179681,16.8
40.730000000000004,-111.98,0,4,property,property,0.9957215873730395,True,0.0026184812861981916,0.9957215873730395,0.0016599313407621133,28.6
40.730000000000004,-111.98,2,4,property,property,0.9978047257098849,True,0.0010936647626254836,0.9978047257098849,0.001101609527489631,28.6
40.730000000000004,-111.98,3,3,property,property,0.9978112419839438,True,0.0010946400432658976,0.9978112419839438,0.0010941179727902378,24.7
40.730000000000004,-111.97,0,7,property,property,0.9978116087834855,True,0.0010944138868691534,0.9978116087834855,0.0010939773296452997,37.0
40.730000000000004,-111.97,1,7,other,other,0.9979652808559881,True,0.9979652808559881,0.0009693069644054475,0.0010654121796064655,37.0
40.730000000000004,-111.97,2,11,property,property,0.9940413757726869,True,0.003977173648005847,0.9940413757726869,0.001981450579307294,44.0
40.730000000000004,-111.97,3,6,violent,violent,0.9969291859142533,True,0.0015346838168963488,0.001536130268850473,0.9969291859142533,34.6
40.730000000000004,-111.96000000000001,0,11,other,other,0.9978060896077935,True,0.9978060896077935,0.001120096091611668,0.0010738143005948112,44.2
40.730000000000004,-111.96000000000001,1,14,other,other,0.9977861624421601,True,0.9977861624421601,0.0011332256262434354,0.0010806119315963235,48.2
40.730000000000004,-111.96000000000001,2,13,other,other,0.9979430913924237,True,0.9979430913924237,0.001026157665249771,0.001030750942326669,47.0
40.730000000000004,-111.96000000000001,3,5,other,other,0.997551727825602,True,0.997551727825602,0.0013760052696494866,0.0010722669047487116,31.9
40.730000000000004,-111.95,0,3,property,property,0.9978049224084333,True,0.0010939809399815802,0.9978049224084333,0.0011010966515851853,24.7
40.730000000000004,-111.95,1,3,other,other,0.9978068089295379,True,0.9978068089295379,0.0011198742069496374,0.00107331686351243,24.7
40.730000000000004,-111.95,2,9,property,property,0.9978815045109535,True,0.0010503606000647086,0.9978815045109535,0.0010681348889820062,41.0
40.730000000000004,-111.95,3,8,other,other,0.9978133477470994,True,0.9978133477470994,0.0011125340826283162,0.0010741181702724905,39.1
40.730000000000004,-111.94,0,28,other,other,0.9976938242981561,True,0.9976938242981561,0.0011846177485374905,0.001121557953306414,59.9
40.730000000000004,-111.94,1,22,other,other,0.9975580998850809,True,0.9975580998850809,0.0013785229881202797,0.0010633771267986698,55.8
40.730000000000004,-111.94,2,40,property,property,0.9979005799319876,True,0.001020681391563793,0.9979005799319876,0.0010787386764486324,66.1
40.730000000000004,-111.94,3,32,property,property,0.9968298808549775,True,0.0015723302383999027,0.9968298808549775,0.0015977889066226523,62.1
40.730000000000004,-111.93,0,6,other,other,0.9978393194032014,True,0.9978393194032014,0.0010799744224461083,0.0010807061743525292,34.6
40.730000000000004,-111.93,1,8,property,property,0.995468207640908,True,0.002862026472343622,0.995468207640908,0.0016697658867482299,39.0
40.730000000000004,-111.93,2,8,other,other,0.9978366103416642,True,0.9978366103416642,0.0010811310578601667,0.0010822586004756206,39.1
40.730000000000004,-111.93,3,3,other,other,0.9978165059718431,True,0.9978165059718431,0.001109679179699565,0.0010738148484573686,24.7
40.730000000000004,-111.92,0,36,other,other,0.9978388263438497,True,0.9978388263438497,0.0010791503604927197,0.0010820232956576209,64.2
40.730000000000004,-111.92,1,32,other,other,0.9976064518113807,True,0.9976064518113807,0.0013213313104429014,0.0010722168781762762,62.2
40.730000000000004,-111.92,2,40,other,other,0.9961831356558419,True,0.9961831356558419,0.002783883484091585,0.0010329808600665204,66.0
40.730000000000004,-111.92,3,42,other,other,0.9978339997151,True,0.9978339997151,0.0010831980191542939,0.0010828022657458226,66.9
40.730000000000004,-111.91,0,3,property,property,0.9978103416052879,True,0.0010942849115099934,0.9978103416052879,0.0010953734832020883,24.7
40.730000000000004,-111.91,1,13,other,other,0.9943972627935206,True,0.9943972627935206,0.004031305963389971,0.0015714312430895317,46.8
40.730000000000004,-111.91,2,6,other,other,0.9961827282066577,True,0.9961827282066577,0.0027843260528982567,0.0010329457404438947,34.6
40.730000000000004,-111.91,3,4,property,property,0.9954859040330843,True,0.0028597713176493856,0.9954859040330843,0.001654324649266227,28.6
40.730000000000004,-111.9,0,21,other,other,0.9978392742444149,True,0.9978392742444149,0.0010785360881942214,0.0010821896673909,55.0
40.730000000000004,-111.9,1,44,other,other,0.9972299816008026,True,0.9972299816008026,0.0016180444777073673,0.0011519739214900012,67.7
40.730000000000004,-111.9,2,89,property,property,0.9978455821469657,True,0.0010757621131311664,0.9978455821469657,0.0010786557399031184,80.1
40.730000000000004,-111.9,3,52,property,property,0.9856981148109334,True,0.011531408367913538,0.9856981148109334,0.0027704768211529746,69.8
40.730000000000004,-111.89,0,46,other,other,0.9978369544521558,True,0.9978369544521558,0.0010811596742799998,0.0010818858735641246,68.5
40.730000000000004,-111.89,1,77,other,other,0.9978359649002961,True,0.9978359649002961,0.0010818266235623861,0.0010822084761416475,77.5
40.730000000000004,-111.89,2,129,other,other,0.9978379879073432,True,0.9978379879073432,0.001079476763814104,0.0010825353288425555,86.6
40.730000000000004,-111.89,3,111,other,other,0.9978355085096299,True,0.9978355085096299,0.001082136599109526,0.0010823548912605586,83.9
40.730000000000004,-111.88,0,21,property,property,0.9978094841381054,True,0.0010948378561745347,0.9978094841381054,0.0010956780057200459,55.0
40.730000000000004,-111.88,1,37,other,other,0.9978389085911435,True,0.9978389085911435,0.0010790406440687333,0.0010820507647877585,64.7
40.730000000000004,-111.88,2,44,other,other,0.9977702967202774,True,0.9977702967202774,0.0012196697040971133,0.0010100335756255145,67.7
40.730000000000004,-111.88,3,50,other,other,0.9978383899795822,True,0.9978383899795822,0.0010792018426888147,0.0010824081777289346,69.9
40.730000000000004,-111.87,0,20,property,property,0.9978915750659787,True,0.001021357936575212,0.9978915750659787,0.0010870669974461693,54.2
40.730000000000004,-111.87,1,40,other,other,0.7348969714595635,True,0.7348969714595635,0.2591118565788226,0.0059911719616141165,48.7
40.730000000000004,-111.87,2,45,other,other,0.9978350518976911,True,0.9978350518976911,0.0010823001663046923,0.00108264793600425,68.1
40.730000000000004,-111.87,3,42,property,property,0.9978422845240723,True,0.001078278506266641,0.9978422845240723,0.0010794369696610264,66.9
40.730000000000004,-111.86,0,35,property,property,0.9978379251382843,True,0.0010801526562971657,0.9978379251382843,0.0010819222054185955,63.8
40.730000000000004,-111.86,1,52,property,property,0.9973177486888902,True,0.0014929426393309286,0.9973177486888902,0.0011893086717786989,70.6
40.730000000000004,-111.86,2,67,other,other,0.9978530227497867,True,0.9978530227497867,0.0010716827484507506,0.0010752945017627736,75.1
40.730000000000004,-111.86,3,49,property,property,0.9976355903313184,True,0.0013104063258466327,0.9976355903313184,0.001054003342834958,69.6
40.730000000000004,-111.85000000000001,0,22,property,property,0.9978364182804154,True,0.0010816474466495904,0.9978364182804154,0.0010819342729351826,55.8
40.730000000000004,-111.85000000000001,1,19,other,other,0.9979779755581367,True,0.9979779755581367,0.0009502044493101961,0.0010718199925531388,53.3
40.730000000000004,-111.85000000000001,2,36,other,other,0.9961802189620541,True,0.9961802189620541,0.0027867077947483234,0.0010330732431976847,64.1
40.730000000000004,-111.85000000000001,3,31,property,property,0.9978451789815102,True,0.0010733094433839096,0.9978451789815102,0.001081511575105981,61.7
40.730000000000004,-111.84,0,7,property,property,0.9978053509908235,True,0.0010937847663491176,0.9978053509908235,0.0011008642428273604,37.0
40.730000000000004,-111.84,1,7,other,other,0.997945691968325,True,0.997945691968325,0.0009875698831152465,0.0010667381485597795,37.0
40.730000000000004,-111.84,2,12,property,property,0.9983221437722973,True,0.0007921710908987339,0.9983221437722973,0.0008856851368038299,45.7
40.730000000000004,-111.84,3,22,property,property,0.9978361466422208,True,0.0010817269373674012,0.9978361466422208,0.0010821264204119937,55.8
40.730000000000004,-111.83,0,5,property,property,0.9978942800210331,True,0.0010228438778467066,0.9978942800210331,0.0010828761011203343,31.9
40.730000000000004,-111.83,1,13,property,property,0.9978382368996918,True,0.0010807865834548773,0.9978382368996918,0.001080976516853266,47.0
40.730000000000004,-111.83,2,18,other,other,0.9978383253440882,True,0.9978383253440882,0.001079303146300518,0.0010823715096113181,52.4
40.730000000000004,-111.83,3,16,property,property,0.9965007058412289,True,0.0020032604450321858,0.9965007058412289,0.0014960337137390116,50.3
40.730000000000004,-111.82000000000001,0,13,property,property,0.9958813201795125,True,0.002064719747352431,0.9958813201795125,0.0020539600731352904,46.9
40.730000000000004,-111.82000000000001,1,18,property,property,0.9978769777621386,True,0.0010407946401028657,0.9978769777621386,0.0010822275977585532,52.4
40.730000000000004,-111.82000000000001,2,18,other,other,0.9978354204430274,True,0.9978354204430274,0.0010822162549027248,0.001082363302069879,52.4
40.730000000000004,-111.82000000000001,3,19,other,other,0.9978550209606714,True,0.9978550209606714,0.0010650696220775352,0.0010799094172509861,53.3
40.730000000000004,-111.81,1,3,other,other,0.9978016789355364,True,0.9978016789355364,0.0011235858839520898,0.0010747351805114693,24.7
40.730000000000004,-111.81,2,3,property,property,0.9979496466289226,True,0.0010221780054867871,0.9979496466289226,0.0010281753655906835,24.7
40.730000000000004,-111.81,3,3,property,property,0.9978104691467462,True,0.0010944338839661979,0.9978104691467462,0.001095096969287633,24.7
40.74,-112.03,1,6,other,other,0.9976805552799644,True,0.9976805552799644,0.001185976643548176,0.0011334680764875278,34.6
40.74,-112.03,2,4,property,property,0.9955048173986012,True,0.002840826521404463,0.9955048173986012,0.001654356079994325,28.6
40.74,-112.01,2,5,property,property,0.9977753418597712,True,0.001104536929294396,0.9977753418597712,0.0011201212109342646,31.9
40.74,-112.0,1,7,property,property,0.9981383261607375,True,0.0009284294701730921,0.9981383261607375,0.0009332443690894458,37.0
40.74,-112.0,2,3,other,other,0.9978084238293882,True,0.9978084238293882,0.0011183844660650013,0.0010731917045467014,24.7
40.74,-111.99000000000001,0,5,other,other,0.9978377279025762,True,0.9978377279025762,0.0010802467059027063,0.0010820253915212498,31.9
40.74,-111.99000000000001,1,3,violent,violent,0.6813543803785992,True,0.14122977294182598,0.17741584667957477,0.6813543803785992,16.8
40.74,-111.98,0,4,property,property,0.9979435025244345,True,0.0010276221222216507,0.9979435025244345,0.0010288753533438247,28.6
40.74,-111.98,1,6,other,other,0.997803697259172,True,0.997803697259172,0.001121850505503008,0.001074452235325173,34.6
40.74,-111.98,2,6,other,other,0.997807052591507,True,0.997807052591507,0.0011189100191404196,0.0010740373893525928,34.6
40.74,-111.98,3,5,other,other,0.9975530226308454,True,0.9975530226308454,0.001374477735505027,0.0010724996336494658,31.9
40.74,-111.97,1,4,property,property,0.9980137710169485,True,0.0011190831090213524,0.9980137710169485,0.000867145874030149,28.6
40.74,-111.97,2,5,other,other,0.9978052432224401,True,0.9978052432224401,0.0011212497450370277,0.0010735070325229926,31.9
40.74,-111.97,3,5,property,property,0.8241024287376542,True,0.14665328672540465,0.8241024287376542,0.02924428453694115,26.3
40.74,-111.96000000000001,0,6,other,other,0.9978377643670199,True,0.9978377643670199,0.0010808647443431429,0.001081370888636989,34.6
40.74,-111.96000000000001,2,6,property,property,0.998498817378875,True,0.0006897880496667172,0.998498817378875,0.0008113945714582624,34.6
40.74,-111.96000000000001,3,4,property,property,0.997810554045233,True,0.0010945604447757953,0.997810554045233,0.0010948855099912186,28.6
40.74,-111.95,0,7,property,property,0.9978500535540914,True,0.001069733933100377,0.9978500535540914,0.001080212512808301,37.0
40.74,-111.95,1,13,property,property,0.99781884842686,True,0.0010867326083637645,0.99781884842686,0.0010944189647762853,46.9
40.74,-111.95,2,10,property,property,0.9979069612782108,True,0.000988222798490471,0.9979069612782108,0.001104815923298703,42.7
40.74,-111.95,3,5,violent,violent,0.7110608646048662,True,0.006251991496000886,0.28268714389913285,0.7110608646048662,22.7
40.74,-111.94,0,12,other,other,0.9912520624325234,True,0.9912520624325234,0.004465274574647415,0.004282662992829156,45.3
40.74,-111.94,1,27,other,other,0.9968689459362714,True,0.9968689459362714,0.0016660243535901254,0.001465029710138541,59.2
40.74,-111.94,2,45,property,property,0.9978050144022178,True,0.0010968269909657426,0.9978050144022178,0.001098158606816536,68.1
40.74,-111.94,3,24,other,other,0.9978495915340234,True,0.9978495915340234,0.0010693760519749293,0.00108103241400179,57.3
40.74,-111.93,0,14,property,property,0.9978352130935978,True,0.0010818872618890045,0.9978352130935978,0.0010828996445131666,48.2
40.74,-111.93,1,18,other,other,0.9978357752462188,True,0.9978357752462188,0.0010819256428679653,0.0010822991109130716,52.4
40.74,-111.93,2,29,other,violent,0.6916436753595929,False,0.13560434747588113,0.17275197716452592,0.6916436753595929,41.9
40.74,-111.93,3,25,other,other,0.997846746967588,True,0.997846746967588,0.0010709715093954874,0.0010822815230163926,58.0
40.74,-111.92,0,28,other,other,0.9976947590957205,True,0.9976947590957205,0.0011842309238792386,0.0011210099804002413,59.9
40.74,-111.92,1,30,other,other,0.9978043873053578,True,0.9978043873053578,0.0011212767053504276,0.0010743359892917126,61.1
40.74,-111.92,2,43,other,other,0.997835107994289,True,0.997835107994289,0.0010822580500876337,0.0010826339556232248,67.3
40.74,-111.92,3,55,other,other,0.9978386439923436,True,0.9978386439923436,0.0010791961220668895,0.0010821598855894519,71.6
40.74,-111.91,0,18,other,other,0.9959211937291481,True,0.9959211937291481,0.0026688185376486325,0.0014099877332033883,52.3
40.74,-111.91,1,28,other,other,0.9976867800160447,True,0.9976867800160447,0.0013115198743916209,0.0010017001095636898,59.9
40.74,-111.91,2,13,property,property,0.9978000265308224,True,0.001100008405649594,0.9978000265308224,0.0010999650635279698,46.9
40.74,-111.91,3,17,other,other,0.9978353316125215,True,0.9978353316125215,0.0010822095750530893,0.0010824588124255735,51.4
40.74,-111.9,0,79,other,other,0.9978361418738628,True,0.9978361418738628,0.0010814490418908957,0.0010824090842461612,78.0
40.74,-111.9,1,166,property,property,0.9976290386702295,True,0.0011810891516099943,0.9976290386702295,0.0011898721781604781,91.0
40.74,-111.9,2,254,property,property,0.9976190435730257,True,0.0011903379456296348,0.9976190435730257,0.001190618481344553,98.6
40.74,-111.9,3,249,property,property,0.9976185558016066,True,0.0011905389691164762,0.9976185558016066,0.0011909052292769736,98.2
40.74,-111.89,0,86,other,other,0.9978393052392444,True,0.9978393052392444,0.0010786305951706978,0.001082064165585096,79.5
40.74,-111.89,1,120,other,other,0.9978379784561159,True,0.9978379784561159,0.0010792697471840374,0.0010827517967001911,85.3
40.74,-111.89,2,176,other,other,0.9979411604976222,True,0.9979411604976222,0.0010279306898677873,0.0010309088125102072,92.1
40.74,-111.89,3,143,other,other,0.9978496330236197,True,0.9978496330236197,0.0010680750681639028,0.0010822919082165124,88.4
40.74,-111.88,0,31,property,property,0.9978443714714033,True,0.0010727637457069615,0.9978443714714033,0.0010828647828895798,61.7
40.74,-111.88,1,55,other,other,0.9978405447764493,True,0.9978405447764493,0.0010775622147524738,0.001081893008798063,71.6
40.74,-111.88,2,61,other,other,0.9976233460189406,True,0.9976233460189406,0.001303956902245004,0.0010726970788142263,73.4
40.74,-111.88,3,68,other,other,0.995593524989265,True,0.995593524989265,0.003023349409866301,0.0013831256008686084,75.2
40.74,-111.87,0,15,property,property,0.997810933599616,True,0.001094357783109162,0.997810933599616,0.0010947086172748335,49.3
40.74,-111.87,1,28,other,other,0.997845482649128,True,0.997845482649128,0.0010746000053279733,0.001079917345543977,59.9
40.74,-111.87,2,46,other,other,0.9978865788023109,True,0.9978865788023109,0.0010547332008124144,0.0010586879968767777,68.5
40.74,-111.87,3,44,other,other,0.9977830258183649,True,0.9977830258183649,0.0011143519559621516,0.0011026222256729223,67.7
40.74,-111.86,0,13,property,property,0.9978103502211926,True,0.0010943648662379358,0.9978103502211926,0.0010952849125694846,46.9
40.74,-111.86,1,14,other,other,0.9978410371665943,True,0.9978410371665943,0.001077801539260732,0.001081161294144881,48.2
40.74,-111.86,2,29,other,other,0.9978355403777104,True,0.9978355403777104,0.0010820843851362142,0.001082375237153342,60.5
40.74,-111.86,3,25,property,property,0.9980883737890097,True,0.0009546722741679642,0.9980883737890097,0.0009569539368221874,58.0
40.74,-111.85000000000001,0,10,property,property,0.9978102918904422,True,0.0010943378484054552,0.9978102918904422,0.0010953702611521446,42.7
40.74,-111.85000000000001,1,10,other,other,0.9975885168359953,True,0.9975885168359953,0.0013373512116907323,0.0010741319523139771,42.6
40.74,-111.85000000000001,2,13,other,other,0.997892359323234,True,0.997892359323234,0.0010770931306624501,0.0010305475461034309,47.0
40.74,-111.85000000000001,3,14,property,property,0.9978115995802208,True,0.0010934805571948738,0.9978115995802208,0.0010949198625844407,48.2
40.74,-111.84,0,11,property,property,0.9978103754909989,True,0.001094320457239898,0.9978103754909989,0.001095304051761062,44.2
40.74,-111.84,1,12,other,other,0.9979412889408565,True,0.9979412889408565,0.0010277773067135334,0.0010309337524298334,45.6
40.74,-111.84,2,9,other,other,0.996188588148592,True,0.996188588148592,0.002778329929075284,0.00103308192233276,40.9
40.74,-111.84,3,9,property,property,0.9965021819679818,True,0.001996546124261139,0.9965021819679818,0.0015012719077569384,40.9
40.74,-111.83,0,10,property,property,0.9979027054014463,True,0.001015084741069541,0.9979027054014463,0.0010822098574839942,42.7
40.74,-111.83,1,11,other,other,0.9978060297468917,True,0.9978060297468917,0.0011203379809664714,0.0010736322721417633,44.2
40.74,-111.83,2,24,property,property,0.9977108953646433,True,0.0012077861906391195,0.9977108953646433,0.0010813184447176496,57.3
40.74,-111.83,3,16,other,other,0.9967978618858236,True,0.9967978618858236,0.002050373331670542,0.001151764782505714,50.4
40.74,-111.82000000000001,0,8,property,property,0.9954835709168436,True,0.002858968210609666,0.9954835709168436,0.0016574608725468613,39.0
40.74,-111.82000000000001,1,6,other,other,0.9978369661411152,True,0.9978369661411152,0.0010809372654061466,0.001082096593478642,34.6
40.74,-111.82000000000001,2,10,other,other,0.9972942764934869,True,0.9972942764934869,0.001671833195787315,0.0010338903107258112,42.6
40.74,-111.82000000000001,3,14,other,other,0.9912794347336228,True,0.9912794347336228,0.004465932429016313,0.004254632837360878,47.9
40.74,-111.81,1,4,other,other,0.9977158989745019,True,0.9977158989745019,0.001210639999086927,0.0010734610264111768,28.6
40.75,-112.02,2,5,property,property,0.9978936601340106,True,0.0010020700553976239,0.9978936601340106,0.00110426981059183,31.9
40.75,-112.02,3,3,property,property,0.9978114085020161,True,0.0010945444590763451,0.9978114085020161,0.001094047038907687,24.7
40.75,-111.99000000000001,0,4,property,property,0.9978110725022358,True,0.0010944186949724416,0.9978110725022358,0.0010945088027918073,28.6
40.75,-111.99000000000001,1,3,other,other,0.9978051002085747,True,0.9978051002085747,0.0011215800374644127,0.0010733197539608524,24.7
40.75,-111.99000000000001,2,3,violent,property,0.6235479096280035,False,0.05793235627803285,0.6235479096280035,0.3185197340939636,15.4
40.75,-111.99000000000001,3,3,violent,violent,0.9969324502915794,True,0.001533225056716167,0.0015343246517044707,0.9969324502915794,24.6
40.75,-111.98,2,4,property,property,0.9954996537460786,True,0.002840811786125661,0.9954996537460786,0.0016595344677957375,28.6
40.75,-111.97,0,5,property,property,0.9980234165854067,True,0.0009600217078247345,0.9980234165854067,0.0010165617067686076,31.9
40.75,-111.97,1,6,property,property,0.9957215873730395,True,0.0026184812861981916,0.9957215873730395,0.0016599313407621133,34.5
40.75,-111.97,2,14,other,other,0.9978363826813212,True,0.9978363826813212,0.0010814349563625426,0.0010821823623160217,48.2
40.75,-111.97,3,3,other,other,0.9978065542777971,True,0.9978065542777971,0.001119931356656762,0.0010735143655462786,24.7
40.75,-111.96000000000001,0,3,property,property,0.9979272946492558,True,0.001035687391506905,0.9979272946492558,0.0010370179592373136,24.7
40.75,-111.96000000000001,1,3,other,other,0.9978047895265694,True,0.9978047895265694,0.001120697848237335,0.0010745126251933532,24.7
40.75,-111.96000000000001,2,7,property,property,0.997881977363365,True,0.001000207483728917,0.997881977363365,0.0011178151529061368,37.0
40.75,-111.96000000000001,3,3,violent,violent,0.6807184102888761,True,0.1420313413973633,0.17725024831376052,0.6807184102888761,16.8
40.75,-111.95,0,3,property,property,0.9978097675353973,True,0.001094612617872856,0.9978097675353973,0.0010956198467298632,24.7
40.75,-111.95,1,6,property,property,0.9957215873730395,True,0.0026184812861981916,0.9957215873730395,0.0016599313407621133,34.5
40.75,-111.95,2,5,property,property,0.9978117092951427,True,0.0010943711539876473,0.9978117092951427,0.0010939195508696568,31.9
40.75,-111.95,3,3,property,property,0.9978040830890875,True,0.0010939284492129586,0.9978040830890875,0.001101988461699446,24.7
40.75,-111.94,0,14,other,other,0.9978406208577703,True,0.9978406208577703,0.0010775960554993739,0.0010817830867304802,48.2
40.75,-111.94,1,21,other,other,0.9978414091792936,True,0.9978414091792936,0.0010776503214999802,0.0010809404992062925,55.0
40.75,-111.94,2,33,other,other,0.9946943258908981,True,0.9946943258908981,0.0038791917664665037,0.0014264823426352843,62.5
40.75,-111.94,3,20,other,other,0.9976192747736857,True,0.9976192747736857,0.0013015810186221316,0.0010791442076919372,54.2
40.75,-111.93,0,21,other,other,0.9976587559852289,True,0.9976587559852289,0.0011725939667424426,0.0011686500480285365,55.0
40.75,-111.93,1,29,other,other,0.9978152094193995,True,0.9978152094193995,0.0010920052246889088,0.0010927853559116252,60.5
40.75,-111.93,2,20,property,property,0.9981966029018813,True,0.0008503442681759921,0.9981966029018813,0.0009530528299427855,54.2
40.75,-111.93,3,38,other,other,0.9978493990466485,True,0.9978493990466485,0.001069530283994091,0.0010810706693574871,65.2
40.75,-111.92,0,33,other,other,0.9978384103092145,True,0.9978384103092145,0.0010787174157685744,0.001082872275016898,62.7
40.75,-111.92,1,34,other,other,0.9980572964740947,True,0.9980572964740947,0.0009733198111667087,0.0009693837147386387,63.3
40.75,-111.92,2,71,other,other,0.9978354366594592,True,0.9978354366594592,0.001081993805056228,0.0010825695354845996,76.1
40.75,-111.92,3,47,other,other,0.9948823673088865,True,0.9948823673088865,0.002637034806998368,0.002480597884115123,68.7
40.75,-111.91,0,14,property,property,0.9968945655651831,True,0.0015564452318771033,0.9968945655651831,0.0015489892029399072,48.1
40.75,-111.91,1,20,other,other,0.9978508455754352,True,0.9978508455754352,0.001070914320974035,0.0010782401035908124,54.2
40.75,-111.91,2,20,property,other,0.9694682140018956,False,0.9694682140018956,0.026680746156782238,0.0038510398413221427,52.6
40.75,-111.91,3,27,other,other,0.9952738688432935,True,0.9952738688432935,0.0023737327155277333,0.00235239844117888,59.1
40.75,-111.9,0,54,property,property,0.9976832699007754,True,0.0011261241099511713,0.9976832699007754,0.0011906059892733813,71.3
40.75,-111.9,1,67,other,other,0.9976576115020681,True,0.9976576115020681,0.0012632999678848554,0.0010790885300470776,75.1
40.75,-111.9,2,94,other,other,0.9977966975707717,True,0.9977966975707717,0.0011000397418223153,0.0011032626874059861,81.0
40.75,-111.9,3,92,other,other,0.9978097000274386,True,0.9978097000274386,0.0010887086546199514,0.0011015913179413723,80.6
40.75,-111.89,0,133,other,other,0.9978356877402994,True,0.9978356877402994,0.0010814318721604676,0.001082880387540064,87.1
40.75,-111.89,1,196,other,other,0.9978380932005432,True,0.9978380932005432,0.0010793064291695059,0.001082600370287431,94.0
40.75,-111.89,2,230,other,other,0.9979409347816453,True,0.9979409347816453,0.0010280698355623664,0.001030995382792414,96.8
40.75,-111.89,3,193,other,other,0.9976704718503697,True,0.9976704718503697,0.0011612279292942888,0.0011683002203360354,93.7
40.75,-111.88,0,47,property,property,0.9962459384205854,True,0.0018835803236733292,0.9962459384205854,0.0018704812557414929,68.8
40.75,-111.88,1,66,other,other,0.9978355112130769,True,0.9978355112130769,0.0010820715860644032,0.001082417200858636,74.8
40.75,-111.88,2,66,other,other,0.9978356503012283,True,0.9978356503012283,0.0010819737765952386,0.0010823759221764938,74.8
40.75,-111.88,3,78,other,other,0.9978493138916801,True,0.9978493138916801,0.0010696896983966651,0.0010809964099234922,77.7
40.75,-111.87,0,27,other,other,0.9978067389166566,True,0.9978067389166566,0.0011196650290221121,0.0010735960543213163,59.3
40.75,-111.87,1,30,property,property,0.9697815000205755,True,0.025020551416922505,0.9697815000205755,0.005197948562501923,59.4
40.75,-111.87,2,50,other,other,0.9979392347337207,True,0.9979392347337207,0.0010298756146230428,0.001030889651656275,70.0
40.75,-111.87,3,55,other,other,0.9908774696137114,True,0.9908774696137114,0.007103409063192467,0.002019121323096175,71.1
40.75,-111.86,0,12,property,property,0.997836897220471,True,0.0010814495184332579,0.997836897220471,0.0010816532610956446,45.6
40.75,-111.86,1,17,property,property,0.9978989702082952,True,0.0010215480817816096,0.9978989702082952,0.0010794817099231463,51.4
40.75,-111.86,2,22,other,other,0.9975807745784748,True,0.9975807745784748,0.0013732266795895252,0.001045998741935618,55.8
40.75,-111.86,3,27,property,property,0.9978106300562378,True,0.001094493836978912,0.9978106300562378,0.0010948761067833242,59.3
40.75,-111.85000000000001,0,8,property,property,0.9978102556395032,True,0.0010943876580652193,0.9978102556395032,0.0010953567024315843,39.1
40.75,-111.85000000000001,1,9,other,other,0.9978034959044703,True,0.9978034959044703,0.001122763416175227,0.0010737406793544105,41.0
40.75,-111.85000000000001,2,12,other,other,0.9975691033223011,True,0.9975691033223011,0.0013643461817619124,0.0010665504959369956,45.6
40.75,-111.85000000000001,3,8,other,other,0.9978493674621629,True,0.9978493674621629,0.0010694162521345954,0.001081216285702763,39.1
40.75,-111.84,0,5,property,property,0.9978944715009307,True,0.0010227123076249653,0.9978944715009307,0.0010828161914443,31.9
40.75,-111.84,1,10,other,other,0.9961941531406195,True,0.9961941531406195,0.002773860305681412,0.0010319865536990622,42.6
40.75,-111.84,2,11,other,other,0.9961803725175624,True,0.9961803725175624,0.002786708224303462,0.001032919258134183,44.1
40.75,-111.84,3,6,other,other,0.9978122605834159,True,0.9978122605834159,0.0011130797989385049,0.0010746596176457058,34.6
40.75,-111.83,0,6,property,property,0.9955452126727028,True,0.002795013951340077,0.9955452126727028,0.0016597733759569644,34.5
40.75,-111.83,2,9,other,other,0.9978052244859879,True,0.9978052244859879,0.0011206839930904236,0.0010740915209218982,41.0
40.75,-111.83,3,4,other,other,0.9978029623379455,True,0.9978029623379455,0.0011233764703696013,0.0010736611916847493,28.6
40.75,-111.82000000000001,2,5,property,property,0.9978109270166784,True,0.001094302088553825,0.9978109270166784,0.0010947708947678444,31.9
40.75,-111.81,1,5,property,property,0.8680817791493004,True,0.10925552336180985,0.8680817791493004,0.02266269748888974,27.7
40.75,-111.81,2,5,other,other,0.9961963919677908,True,0.9961963919677908,0.002771488791898011,0.0010321192403113678,31.8
40.75,-111.81,3,3,other,other,0.9978162988959332,True,0.9978162988959332,0.0011096793861720658,0.001074021717894904,24.7
40.76,-112.06,0,3,property,property,0.9979434122582239,True,0.0010276895296425514,0.9979434122582239,0.0010288982121334964,24.7
40.76,-112.04,1,3,property,property,0.9977861984905937,True,0.0010994472078889191,0.9977861984905937,0.0011143543015173973,24.7
40.76,-112.04,2,3,other,other,0.9959680775282602,True,0.9959680775282602,0.0029395661157524938,0.001092356355987217,24.6
40.76,-112.03,1,4,property,property,0.9981293911172926,True,0.0010539263696769708,0.9981293911172926,0.0008166825130304554,28.6
40.76,-112.03,2,3,property,property,0.9979573432146717,True,0.0010144751067089552,0.9979573432146717,0.0010281816786193076,24.7
40.76,-112.03,3,3,other,other,0.9976802856472022,True,0.9976802856472022,0.0011875714155850435,0.0011321429372126274,24.7
40.76,-112.02,0,4,property,property,0.9957215504518154,True,0.0026184811891052534,0.9957215504518154,0.0016599683590792003,28.6
40.76,-111.98,0,4,other,other,0.9978042563776258,True,0.9978042563776258,0.0011223010843508829,0.0010734425380233342,28.6
40.76,-111.98,1,5,other,other,0.9978040319173687,True,0.9978040319173687,0.0011223644975710313,0.0010736035850605027,31.9
40.76,-111.98,2,6,other,other,0.9978379923242328,True,0.9978379923242328,0.0010796774332508428,0.001082330242516369,34.6
40.76,-111.97,0,5,other,other,0.9975515155068987,True,0.9975515155068987,0.0013762160772356853,0.0010722684158657055,31.9
40.76,-111.97,1,4,other,other,0.9978023875265264,True,0.9978023875265264,0.0011230278662933794,0.0010745846071800503,28.6
40.76,-111.96000000000001,1,4,property,property,0.9978123660390965,True,0.0010862685931205187,0.9978123660390965,0.001101365367782999,28.6
40.76,-111.96000000000001,2,10,property,property,0.9978365004888151,True,0.0010815337285598405,0.9978365004888151,0.0010819657826250076,42.7
40.76,-111.95,1,10,property,property,0.997910689625205,True,0.0010100390025793184,0.997910689625205,0.0010792713722156259,42.7
40.76,-111.95,2,4,violent,other,0.9054083577487267,False,0.9054083577487267,0.006336502967860511,0.08825513928341283,26.0
40.76,-111.95,3,5,property,property,0.9982676648623171,True,0.0008661387986972934,0.9982676648623171,0.0008661963389855675,31.9
40.76,-111.94,0,56,other,property,0.5420138414170312,False,0.4495042558978114,0.5420138414170312,0.008481902685157446,39.1
40.76,-111.94,1,44,property,property,0.9435669921391352,True,0.047209957150164045,0.9435669921391352,0.009223050710700613,64.0
40.76,-111.94,2,58,other,other,0.9976179705269144,True,0.9976179705269144,0.0013197789260248098,0.0010622505470607947,72.5
40.76,-111.94,3,50,other,other,0.9978072709424433,True,0.9978072709424433,0.0011197296408674159,0.0010729994166894144,69.9
40.76,-111.93,0,31,property,property,0.9982739233979713,True,0.0008584016066965877,0.9982739233979713,0.0008676749953320316,61.7
40.76,-111.93,1,41,other,other,0.9887445753393835,True,0.9887445753393835,0.005860632032002616,0.005394792628613797,65.9
40.76,-111.93,2,48,other,other,0.9978383719055367,True,0.9978383719055367,0.0010792174087925009,0.0010824106856706576,69.2
40.76,-111.93,3,74,other,other,0.5286552075573847,True,0.5286552075573847,0.3667335152661126,0.10461127717650281,40.7
40.76,-111.92,0,19,property,property,0.9978550455054254,True,0.0010719018287431734,0.9978550455054254,0.0010730526658315786,53.3
40.76,-111.92,1,24,other,other,0.9978377616632591,True,0.9978377616632591,0.001079438950133683,0.00108279938660717,57.3
40.76,-111.92,2,49,other,other,0.9978358705151834,True,0.9978358705151834,0.0010819650545697895,0.0010821644302468907,69.6
40.76,-111.92,3,41,other,other,0.997846867419361,True,0.997846867419361,0.0010708739434806443,0.0010822586371582962,66.5
40.76,-111.91,0,35,other,other,0.9978382878570351,True,0.9978382878570351,0.0010805666294384194,0.0010811455135263319,63.8
40.76,-111.91,1,36,other,other,0.9977828571645878,True,0.9977828571645878,0.0011353327068636043,0.001081810128548624,64.2
40.76,-111.91,2,40,other,other,0.9976148409466284,True,0.9976148409466284,0.0013113111470101101,0.0010738479063612473,66.1
40.76,-111.91,3,54,other,other,0.9978496623931711,True,0.9978496623931711,0.0010693013825687726,0.0010810362242601465,71.3
40.76,-111.9,0,188,other,property,0.7040512689327,False,0.1509634019953441,0.7040512689327,0.14498532907195585,65.8
40.76,-111.9,1,191,other,other,0.9978365101761123,True,0.9978365101761123,0.001081694697578999,0.0010817951263087952,93.5
40.76,-111.9,2,213,other,other,0.9979396051092948,True,0.9979396051092948,0.0010299746627096494,0.0010304202279955434,95.5
40.76,-111.9,3,232,other,other,0.9977295041230712,True,0.9977295041230712,0.0012349901288644892,0.001035505748064317,97.0
40.76,-111.89,0,160,other,other,0.9976507416779408,True,0.9976507416779408,0.0012068433568708063,0.001142414965188391,90.4
40.76,-111.89,1,136,property,other,0.6069353496014922,False,0.6069353496014922,0.38053977577080467,0.012524874627703155,53.2
40.76,-111.89,2,149,other,other,0.9978028400646664,True,0.9978028400646664,0.0010967828879791493,0.0011003770473545348,89.1
40.76,-111.89,3,187,property,property,0.9956479945707861,True,0.0021241719702730214,0.9956479945707861,0.0022278334589407776,93.0
40.76,-111.88,0,116,other,other,0.9978351505750335,True,0.9978351505750335,0.0010821979912729906,0.0010826514336934735,84.7
40.76,-111.88,1,168,other,other,0.9978384169256681,True,0.9978384169256681,0.0010792194606943058,0.001082363613637662,91.3
40.76,-111.88,2,275,other,other,0.997941188788188,True,0.997941188788188,0.0010280615094465752,0.0010307497023654107,100.0
40.76,-111.88,3,170,other,other,0.9977402054276984,True,0.9977402054276984,0.0011572732271134666,0.0011025213451882224,91.5
40.76,-111.87,0,56,other,other,0.9976300222707002,True,0.9976300222707002,0.0013683115798153848,0.0010016661494845537,71.9
40.76,-111.87,1,62,other,other,0.9978411873879683,True,0.9978411873879683,0.001077735200412086,0.0010810774116196099,73.7
40.76,-111.87,2,106,other,other,0.9977947928888012,True,0.9977947928888012,0.0011025127032231084,0.0011026944079758198,83.1
40.76,-111.87,3,85,other,other,0.9978046571531741,True,0.9978046571531741,0.001094939919663738,0.0011004029271622503,79.2
40.76,-111.86,0,36,property,property,0.9960740910950757,True,0.00242809962497991,0.9960740910950757,0.001497809279944382,64.1
40.76,-111.86,1,31,other,other,0.9978084001083082,True,0.9978084001083082,0.0011189003226561769,0.0010726995690355874,61.7
40.76,-111.86,2,42,other,other,0.9976150860602414,True,0.9976150860602414,0.0012238567498991393,0.0011610571898594561,66.9
40.76,-111.86,3,36,property,property,0.9981520334842215,True,0.0009233680862452561,0.9981520334842215,0.0009245984295332133,64.3
40.76,-111.85000000000001,0,9,other,other,0.996790500260897,True,0.996790500260897,0.001745795014793073,0.0014637047243099114,40.9
40.76,-111.85000000000001,1,15,other,other,0.9976211666137554,True,0.9976211666137554,0.001299698515587387,0.0010791348706571076,49.3
40.76,-111.85000000000001,2,18,property,property,0.9951526533797889,True,0.003205607797603277,0.9951526533797889,0.001641738822607748,52.2
40.76,-111.85000000000001,3,21,other,other,0.9976224906639494,True,0.9976224906639494,0.0012131591202357288,0.0011643502158148655,55.0
40.76,-111.84,1,3,other,other,0.9978016659841296,True,0.9978016659841296,0.0011246229345847636,0.001073711081285617,24.7
40.76,-111.84,2,4,other,other,0.9978057734168561,True,0.9978057734168561,0.001121201075772836,0.0010730255073711922,28.6
40.76,-111.83,0,3,other,other,0.9978035905012795,True,0.9978035905012795,0.0011228592309015376,0.0010735502678189321,24.7
40.76,-111.83,1,3,other,other,0.9978945261982259,True,0.9978945261982259,0.0010744726912212022,0.0010310011105527218,24.7
40.76,-111.83,2,6,other,other,0.9914245186360698,True,0.9914245186360698,0.007548305541141423,0.0010271758227887802,34.4
40.77,-112.03,2,4,property,property,0.9980248183462139,True,0.0009047584831072569,0.9980248183462139,0.0010704231706789805,28.6
40.77,-112.02,0,13,property,property,0.9978109373718134,True,0.0010943448265984062,0.9978109373718134,0.0010947178015882494,46.9
40.77,-112.02,1,18,property,property,0.997854195525367,True,0.0010637072088869922,0.997854195525367,0.0010820972657459296,52.4
40.77,-112.02,2,8,other,other,0.9959802626542309,True,0.9959802626542309,0.0029273676253979424,0.0010923697203711795,39.0
40.77,-112.02,3,8,property,property,0.9980886086006033,True,0.0009553651865776215,0.9980886086006033,0.0009560262128190627,39.1
40.77,-112.01,0,11,other,other,0.9966589323173162,True,0.9966589323173162,0.0018456697009737854,0.0014953979817099402,44.2
40.77,-112.01,1,3,other,other,0.9978960195057235,True,0.9978960195057235,0.0010734623619091078,0.0010305181323673337,24.7
40.77,-112.01,2,8,other,other,0.991414896885285,True,0.991414896885285,0.0075572632850552735,0.001027839829659908,38.8
40.77,-112.01,3,16,property,property,0.998244464309781,True,0.000876538457673147,0.998244464309781,0.0008789972325458402,50.4
40.77,-112.0,0,3,property,property,0.9978103038152238,True,0.0010943154581670935,0.9978103038152238,0.0010953807266091318,24.7
40.77,-112.0,1,5,property,property,0.7912321737287373,True,0.18068116995881564,0.7912321737287373,0.0280866563124471,25.3
40.77,-112.0,2,5,other,other,0.9973323258122906,True,0.9973323258122906,0.0016343316683778636,0.0010333425193314058,31.9
40.77,-112.0,3,13,property,property,0.9981527355968631,True,0.0009148872266409497,0.9981527355968631,0.0009323771764958755,47.0
40.77,-111.99000000000001,1,6,property,property,0.9978142623597192,True,0.0010853244301285477,0.9978142623597192,0.0011004132101524067,34.6
40.77,-111.99000000000001,2,6,property,property,0.9979234005987062,True,0.0009522525657114804,0.9979234005987062,0.0011243468355823711,34.6
40.77,-111.99000000000001,3,4,property,property,0.997812553051781,True,0.0010856736700417746,0.997812553051781,0.0011017732781772528,28.6
40.77,-111.98,2,4,property,property,0.9954744873114161,True,0.0028620445267456543,0.9954744873114161,0.0016634681618383368,28.6
40.77,-111.96000000000001,0,10,other,other,0.9978379860841569,True,0.9978379860841569,0.0010789113759521358,0.0010831025398910764,42.7
40.77,-111.96000000000001,1,11,property,other,0.969357960900558,False,0.969357960900558,0.026747315652993944,0.0038947234464479772,42.9
40.77,-111.96000000000001,2,7,other,other,0.9914144461305305,True,0.9914144461305305,0.007557657160972021,0.0010278967084974189,36.8
40.77,-111.96000000000001,3,12,other,other,0.9978610353178476,True,0.9978610353178476,0.0010674676019684578,0.0010714970801837752,45.6
40.77,-111.95,0,27,other,other,0.9978070955643277,True,0.9978070955643277,0.0011194883972075107,0.0010734160384647863,59.3
40.77,-111.95,1,27,property,property,0.9973404825274395,True,0.001495385434180939,0.9973404825274395,0.0011641320383797406,59.3
40.77,-111.95,2,33,property,other,0.9719636962747107,False,0.9719636962747107,0.02448243752249341,0.0035538662027960323,61.1
40.77,-111.95,3,27,other,other,0.9977616751666724,True,0.9977616751666724,0.0012223367695401292,0.0010159880637874332,59.3
40.77,-111.94,0,74,other,other,0.9978430346691948,True,0.9978430346691948,0.0010753903880625101,0.0010815749427427043,76.8
40.77,-111.94,1,74,other,other,0.9978356674369011,True,0.9978356674369011,0.0010819593603495045,0.0010823732027495493,76.8
40.77,-111.94,2,116,other,other,0.9971544221036547,True,0.9971544221036547,0.0016654046132811014,0.0011801732830643526,84.7
40.77,-111.94,3,113,other,other,0.9978369918361729,True,0.9978369918361729,0.0010811508314984475,0.001081857332328534,84.3
40.77,-111.93,0,27,other,other,0.9977605320797781,True,0.9977605320797781,0.00122312423927287,0.0010163436809488174,59.3
40.77,-111.93,1,18,other,other,0.9960713759788367,True,0.9960713759788367,0.0025203968482146047,0.0014082271729486885,52.3
40.77,-111.93,2,22,other,other,0.9977826330646172,True,0.9977826330646172,0.0011354525917971164,0.0010819143435855916,55.8
40.77,-111.93,3,22,other,other,0.9978475535220176,True,0.9978475535220176,0.0010704130555244207,0.0010820334224580057,55.8
40.77,-111.92,0,58,other,other,0.9978306590361772,True,0.9978306590361772,0.001084164897523225,0.0010851760662997565,72.5
40.77,-111.92,1,67,other,other,0.9978364591108364,True,0.9978364591108364,0.0010814945440375072,0.0010820463451259677,75.1
40.77,-111.92,2,95,other,other,0.9978356577675012,True,0.9978356577675012,0.0010820603705671084,0.0010822818619318198,81.2
40.77,-111.92,3,98,other,other,0.9978363794572951,True,0.9978363794572951,0.00108164110854005,0.0010819794341648935,81.7
40.77,-111.91,0,83,other,other,0.9977422285019019,True,0.9977422285019019,0.0011555135112704155,0.0011022579868275764,78.8
40.77,-111.91,1,105,other,other,0.9978346085704403,True,0.9978346085704403,0.0010824244275336513,0.0010829670020262058,83.0
40.77,-111.91,2,120,other,other,0.9977120276251644,True,0.9977120276251644,0.0011806453219893238,0.0011073270528462618,85.3
40.77,-111.91,3,109,other,other,0.9978301421628283,True,0.9978301421628283,0.0010848149545589479,0.0010850428826128678,83.6
40.77,-111.9,0,64,other,other,0.9977844956403268,True,0.9977844956403268,0.0011345199451027257,0.0010809844145702855,74.3
40.77,-111.9,1,69,other,other,0.9978381228453664,True,0.9978381228453664,0.0010793012260205568,0.0010825759286129492,75.6
40.77,-111.9,2,76,other,other,0.9973670725285325,True,0.9973670725285325,0.0015669727459120277,0.00106595472555536,77.2
40.77,-111.9,3,124,other,other,0.9861209348421753,True,0.9861209348421753,0.011716542976566758,0.002162522181257902,84.9
40.77,-111.89,0,60,property,property,0.996411863750827,True,0.0020472467996054595,0.996411863750827,0.0015408894495676645,73.0
40.77,-111.89,1,83,other,other,0.9979537863765607,True,0.9979537863765607,0.0009589176061386293,0.0010872960173005292,78.8
40.77,-111.89,2,132,other,other,0.9978352579381056,True,0.9978352579381056,0.001082213499183428,0.0010825285627110751,87.0
40.77,-111.89,3,97,property,property,0.9964242047629919,True,0.0020374746904219692,0.9964242047629919,0.0015383205465863811,81.5
40.77,-111.88,0,74,other,other,0.9919628137112428,True,0.9919628137112428,0.006028887430412956,0.002008298858344337,76.4
40.77,-111.88,1,67,other,other,0.9978356782328083,True,0.9978356782328083,0.0010819041954899901,0.0010824175717015206,75.1
40.77,-111.88,2,92,other,other,0.9978359948615283,True,0.9978359948615283,0.001081742207778737,0.001082262930692957,80.6
40.77,-111.88,3,114,other,other,0.9978383547439884,True,0.9978383547439884,0.0010792753200790353,0.0010823699359323751,84.4
40.77,-111.87,0,37,other,other,0.9951768023258672,True,0.9951768023258672,0.0032707694139969836,0.001552428260135756,64.5
40.77,-111.87,1,42,other,other,0.9976585112662263,True,0.9976585112662263,0.0011729846745370284,0.0011685040592368033,66.9
40.77,-111.87,2,55,other,other,0.9978356860831306,True,0.9978356860831306,0.0010820480836840106,0.001082265833185382,71.6
40.77,-111.87,3,40,property,property,0.7530672415187251,True,0.24320801646811518,0.7530672415187251,0.0037247420131597203,49.9
40.77,-111.86,0,14,other,other,0.9977821197555816,True,0.9977821197555816,0.0011355646985969452,0.0010823155458213754,48.2
40.77,-111.86,1,21,property,property,0.995330846731563,True,0.0033510924822511413,0.995330846731563,0.0013180607861858053,54.9
40.77,-111.86,2,32,other,other,0.9961803386782278,True,0.9961803386782278,0.0027867081296415364,0.0010329531921306062,62.1
40.77,-111.86,3,36,property,property,0.9978385835454867,True,0.001079986353465615,0.9978385835454867,0.001081430101047791,64.2
40.77,-111.85000000000001,0,10,property,property,0.8241447745041109,True,0.14666082237341785,0.8241447745041109,0.029194403122471128,35.2
40.77,-111.85000000000001,1,11,other,other,0.9961805374644904,True,0.9961805374644904,0.0027867086857248807,0.0010327538497846393,44.1
40.77,-111.85000000000001,2,18,property,property,0.6444963138759076,True,0.33560229948296694,0.6444963138759076,0.019901386641125535,33.8
40.77,-111.85000000000001,3,12,other,other,0.9977488915007182,True,0.9977488915007182,0.0011800558509502271,0.0010710526483315665,45.6
40.77,-111.84,0,6,other,other,0.9984234835578326,True,0.9984234835578326,0.0007906158305052829,0.0007859006116622718,34.6
40.77,-111.84,1,7,other,other,0.9978369079345206,True,0.9978369079345206,0.0010812216411795973,0.001081870424299782,37.0
40.77,-111.84,2,9,violent,violent,0.9969386030049958,True,0.0015329708602235263,0.0015284261347806045,0.9969386030049958,40.9
40.78,-112.04,2,3,property,property,0.9978112680829717,True,0.0010945458653552169,0.9978112680829717,0.0010941860516730658,24.7
40.78,-112.03,1,8,other,other,0.9975925124195554,True,0.9975925124195554,0.0012737175231919467,0.0011337700572526285,39.1
40.78,-112.03,2,7,other,other,0.9909252200178486,True,0.9909252200178486,0.007987735453487445,0.0010870445286641345,36.7
40.78,-112.03,3,3,other,other,0.9976943189153799,True,0.9976943189153799,0.0011731519306501452,0.0011325291539698204,24.7
40.78,-112.02,0,9,other,other,0.9977146714419592,True,0.9977146714419592,0.00114166389235944,0.0011436646656814212,41.0
40.78,-112.02,1,8,property,property,0.5950716419228769,True,0.233225616168604,0.5950716419228769,0.17170274190851914,23.3
40.78,-112.02,2,14,property,property,0.9970879993585221,True,0.0013589391291453966,0.9970879993585221,0.0015530615123323923,48.1
40.78,-112.02,3,7,other,other,0.9977207294924498,True,0.9977207294924498,0.001137188255390514,0.001142082252159652,37.0
40.78,-112.01,0,3,property,property,0.997927381107712,True,0.0010357390898392447,0.997927381107712,0.0010368798024486395,24.7
40.78,-112.01,1,5,other,other,0.9978368272217286,True,0.9978368272217286,0.001080852441950036,0.0010823203363212277,31.9
40.78,-112.01,2,9,other,other,0.9969869436086202,True,0.9969869436086202,0.0015654128677656644,0.001447643523614142,40.9
40.78,-112.01,3,4,property,property,0.9979439233558228,True,0.001027720613260489,0.9979439233558228,0.0010283560309166909,28.6
40.78,-111.99000000000001,0,8,property,property,0.9978538727130544,True,0.0010653772520230836,0.9978538727130544,0.001080750034922618,39.1
40.78,-111.99000000000001,1,24,other,other,0.9977737534108049,True,0.9977737534108049,0.001223717138073204,0.001002529451122023,57.3
40.78,-111.99000000000001,2,27,property,property,0.9978963436215079,True,0.0010222715032125985,0.9978963436215079,0.0010813848752795167,59.3
40.78,-111.99000000000001,3,29,property,property,0.9978508893345892,True,0.0010696490629768126,0.9978508893345892,0.0010794616024340713,60.5
40.78,-111.98,0,25,other,other,0.9978078097069203,True,0.9978078097069203,0.0011191046269874696,0.0010730856660920766,58.0
40.78,-111.98,1,16,other,other,0.9978368311011085,True,0.9978368311011085,0.0010811090165666235,0.0010820598823248406,50.4
40.78,-111.98,2,17,other,other,0.9978404006440552,True,0.9978404006440552,0.0010778733485916068,0.001081726007353288,51.4
40.78,-111.98,3,16,other,other,0.9978025821631203,True,0.9978025821631203,0.0011234290844311682,0.001073988752448441,50.4
40.78,-111.96000000000001,2,4,property,property,0.9979226563579153,True,0.000960113446294415,0.9979226563579153,0.0011172301957902344,28.6
40.78,-111.95,0,5,other,other,0.9978357078210196,True,0.9978357078210196,0.0010816965400841628,0.0010825956388963102,31.9
40.78,-111.95,1,8,property,property,0.9978209053926721,True,0.001225385596828816,0.9978209053926721,0.0009537090104989369,39.1
40.78,-111.95,2,5,other,other,0.9961964767542364,True,0.9961964767542364,0.002771489027779897,0.0010320342179839165,31.8
40.78,-111.95,3,15,other,other,0.9978360572971144,True,0.9978360572971144,0.001081678812904008,0.0010822638899814928,49.3
40.78,-111.94,0,33,property,property,0.9979090014677596,True,0.0011014026580428889,0.9979090014677596,0.0009895958741976158,62.7
40.78,-111.94,1,42,other,other,0.997835809918857,True,0.997835809918857,0.0010818549407464676,0.0010823351403965616,66.9
40.78,-111.94,2,69,other,other,0.9978435433821795,True,0.9978435433821795,0.0010752000309050302,0.0010812565869154443,75.6
40.78,-111.94,3,69,other,other,0.9978498706731409,True,0.9978498706731409,0.001067935668040717,0.0010821936588184876,75.6
40.78,-111.93,0,18,other,other,0.9978382015384982,True,0.9978382015384982,0.0010801961620194062,0.001081602299482523,52.4
40.78,-111.93,1,37,other,other,0.9978381164165397,True,0.9978381164165397,0.0010792838164795711,0.00108259976698079,64.7
40.78,-111.93,2,42,other,violent,0.6916436753595929,False,0.13560434747588113,0.17275197716452592,0.6916436753595929,46.4
40.78,-111.93,3,40,other,other,0.9978383552467603,True,0.9978383552467603,0.0010805857867865999,0.0010810589664529793,66.1
40.78,-111.92,0,36,other,other,0.9978359810457127,True,0.9978359810457127,0.0010814515836725606,0.001082567370614603,64.2
40.78,-111.92,1,24,property,property,0.9978441971602647,True,0.0010752970325243047,0.9978441971602647,0.0010805058072108687,57.3
40.78,-111.92,2,43,other,other,0.9979395998200558,True,0.9979395998200558,0.0010296780740814422,0.00103072210586291,67.3
40.78,-111.92,3,38,other,other,0.997849589080419,True,0.997849589080419,0.0010680947169320189,0.001082316202649099,65.2
40.78,-111.91,0,36,property,property,0.9978379212952826,True,0.001080135033019769,0.9978379212952826,0.0010819436716976339,64.2
40.78,-111.91,1,32,other,other,0.9977042555026471,True,0.9977042555026471,0.0011503910573343308,0.0011453534400186107,62.2
40.78,-111.91,2,31,other,other,0.9961803386782278,True,0.9961803386782278,0.0027867081296415364,0.0010329531921306062,61.6
40.78,-111.91,3,37,other,other,0.9388637305358755,True,0.9388637305358755,0.053715675764724594,0.007420593699399735,60.9
40.78,-111.9,0,24,property,property,0.9978361015721913,True,0.001081533489059512,0.9978361015721913,0.0010823649387491985,57.3
40.78,-111.9,1,26,property,property,0.9939804949536113,True,0.004377873697455101,0.9939804949536113,0.001641631348933527,58.4
40.78,-111.9,2,35,property,other,0.9508919495626944,False,0.9508919495626944,0.045492079046327634,0.0036159713909779865,60.8
40.78,-111.9,3,26,other,other,0.9977576933752154,True,0.9977576933752154,0.0011250092695377903,0.0011172973552467148,58.6
40.78,-111.89,0,22,property,property,0.9981089079501246,True,0.0009442288794147765,0.9981089079501246,0.0009468631704605805,55.8
40.78,-111.89,1,16,other,other,0.9978381541766138,True,0.9978381541766138,0.0010792374760936396,0.0010826083472924132,50.4
40.78,-111.89,2,26,other,other,0.9960380463258082,True,0.9960380463258082,0.0025187508978016106,0.0014432027763901403,58.5
40.78,-111.89,3,20,property,property,0.9978995299022113,True,0.0010196392170298556,0.9978995299022113,0.0010808308807587106,54.2
40.78,-111.88,0,14,other,other,0.9978351840243929,True,0.9978351840243929,0.0010820074508254792,0.0010828085247817055,48.2
40.78,-111.88,1,11,other,other,0.9978357143355808,True,0.9978357143355808,0.001081892718514477,0.001082392945904758,44.2
40.78,-111.88,2,12,other,other,0.9978507883029215,True,0.9978507883029215,0.0010778733453999352,0.001071338351678451,45.6
40.78,-111.88,3,15,other,other,0.997816250884387,True,0.997816250884387,0.0011097214065317919,0.0010740277090810814,49.3
40.78,-111.87,0,18,property,property,0.9978650356212171,True,0.001066695355590038,0.9978650356212171,0.0010682690231927792,52.4
40.78,-111.87,1,8,other,other,0.9978070280475752,True,0.9978070280475752,0.0011194012532521067,0.0010735706991727165,39.1
40.78,-111.87,2,9,other,other,0.9978347273947422,True,0.9978347273947422,0.001082593590482123,0.0010826790147758251,41.0
40.78,-111.87,3,14,property,property,0.997811370566572,True,0.0010944761265538276,0.997811370566572,0.001094153306874065,48.2
40.78,-111.86,3,6,property,property,0.998148428705114,True,0.0009264648148025627,0.998148428705114,0.000925106480083457,34.6
40.79,-112.03,1,3,other,other,0.9976815367919686,True,0.9976815367919686,0.0011845744082522086,0.0011338887997792164,24.7
40.79,-111.99000000000001,0,6,other,other,0.9978384634436627,True,0.9978384634436627,0.0010797586432552454,0.0010817779130820632,34.6
40.79,-111.99000000000001,1,34,property,property,0.9975250753572614,True,0.001393674933632302,0.9975250753572614,0.0010812497091061734,63.2
40.79,-111.99000000000001,2,33,property,property,0.9979083784126687,True,0.0009875514688324016,0.9979083784126687,0.0011040701184988776,62.7
40.79,-111.99000000000001,3,24,other,other,0.9978076135685476,True,0.9978076135685476,0.0011189000711830269,0.0010734863602693348,57.3
40.79,-111.98,0,20,property,property,0.9568060531654866,True,0.021828798043795315,0.9568060531654866,0.02136514879071802,51.9
40.79,-111.98,1,45,other,other,0.7396295565426767,True,0.7396295565426767,0.15369778854884156,0.10667265490848164,50.5
40.79,-111.98,2,56,property,property,0.6309141388002316,True,0.18772158376726694,0.6309141388002316,0.18136427743250144,45.5
40.79,-111.98,3,47,property,property,0.8308019933199191,True,0.15987628350966132,0.8308019933199191,0.009321723170419544,57.3
40.79,-111.95,0,5,violent,violent,0.711060883131308,True,0.006251965604244605,0.28268715126444743,0.711060883131308,22.7
40.79,-111.95,1,5,other,other,0.9978797768569818,True,0.9978797768569818,0.001082875403154258,0.0010373477398639946,31.9
40.79,-111.95,2,7,property,property,0.9977133323337487,True,0.0012064926989432355,0.9977133323337487,0.0010801749673080667,37.0
40.79,-111.95,3,7,other,other,0.9563616559035726,True,0.9563616559035726,0.00043461182373740387,0.04320373227269013,35.5
40.79,-111.94,0,15,property,property,0.9968128575628974,True,0.0015972409967738418,0.9968128575628974,0.0015899014403287408,49.3
40.79,-111.94,1,33,other,other,0.9978354370716201,True,0.9978354370716201,0.0010819468240141534,0.001082616104365737,62.7
40.79,-111.94,2,40,other,other,0.9975461878749815,True,0.9975461878749815,0.0014523892801870753,0.0010014228448314295,66.0
40.79,-111.94,3,36,other,other,0.9912564640439757,True,0.9912564640439757,0.004465828940994452,0.0042777070150298736,63.8
40.79,-111.93,0,16,other,other,0.9978380417325151,True,0.9978380417325151,0.0010806323819402253,0.0010813258855446085,50.4
40.79,-111.93,1,22,property,property,0.9979039935432288,True,0.0011791103460698888,0.9979039935432288,0.0009168961107014871,55.8
40.79,-111.93,2,22,other,property,0.6183118346206982,False,0.31661122072465825,0.6183118346206982,0.06507694465464367,34.6
40.79,-111.93,3,17,other,other,0.997642198009607,True,0.997642198009607,0.0012040388760386385,0.0011537631143544904,51.4
40.79,-111.92,0,41,other,other,0.9978356390048999,True,0.9978356390048999,0.0010814597807052029,0.0010829012143950165,66.5
40.79,-111.92,1,39,other,other,0.9942344845670775,True,0.9942344845670775,0.0029430199559537153,0.0028224954769687153,65.4
40.79,-111.92,2,71,other,other,0.9982645505839661,True,0.9982645505839661,0.0008691562899715985,0.0008662931260621688,76.1
40.79,-111.92,3,67,other,other,0.9978362148933483,True,0.9978362148933483,0.0010819229237107417,0.0010818621829410127,75.1
40.79,-111.91,0,4,other,other,0.9978021308884517,True,0.9978021308884517,0.0011234661237783433,0.0010744029877700055,28.6
40.79,-111.91,1,8,property,property,0.9957041504930313,True,0.0026359472345967843,0.9957041504930313,0.001659902272371935,39.0
40.79,-111.91,2,7,property,property,0.9981334673394202,True,0.0009330128211036288,0.9981334673394202,0.0009335198394763066,37.0
40.79,-111.91,3,11,violent,property,0.7074273122444644,False,0.15663858037134007,0.7074273122444644,0.1359341073841956,31.3
40.79,-111.9,0,6,property,property,0.9981483174822764,True,0.0009265793824541611,0.9981483174822764,0.0009251031352693372,34.6
40.79,-111.9,1,10,other,other,0.997566709585184,True,0.997566709585184,0.0013603963398877556,0.0010728940749281381,42.6
40.79,-111.9,2,13,other,other,0.9982063920618954,True,0.9982063920618954,0.0008985602018676891,0.0008950477362368451,47.0
40.79,-111.9,3,12,other,other,0.9978493740405469,True,0.9978493740405469,0.0010681712149006755,0.0010824547445525596,45.6
40.79,-111.89,0,3,other,other,0.9978054521614538,True,0.9978054521614538,0.0011205781914423293,0.0010739696471040513,24.7
40.79,-111.89,1,3,violent,violent,0.6713879919362483,True,0.1537912797172456,0.17482072834650603,0.6713879919362483,16.6
40.79,-111.88,1,3,other,other,0.9978018915793002,True,0.9978018915793002,0.001123529586106088,0.0010745788345936317,24.7
40.79,-111.88,3,3,property,property,0.9978037300874038,True,0.001094168426960308,0.9978037300874038,0.0011021014856359512,24.7
40.79,-111.87,0,3,property,property,0.9978105955970209,True,0.001094977706079845,0.9978105955970209,0.001094426696899294,24.7
40.79,-111.87,2,5,other,other,0.9975904061543558,True,0.9975904061543558,0.0013365155330002413,0.0010730783126439028,31.9
40.79,-111.87,3,5,other,other,0.9978142558980422,True,0.9978142558980422,0.0011119944297305897,0.0010737496722273967,31.9
40.79,-111.86,2,3,property,property,0.9978818854902516,True,0.0010006343505891432,0.9978818854902516,0.0011174801591593347,24.7
40.800000000000004,-111.99000000000001,1,3,property,property,0.9978205249354402,True,0.0010784124842818056,0.9978205249354402,0.00110106258027801,24.7
40.800000000000004,-111.99000000000001,2,6,property,property,0.9979232009499904,True,0.0009523616198346318,0.9979232009499904,0.0011244374301748363,34.6
40.800000000000004,-111.98,3,6,other,other,0.997817095303203,True,0.997817095303203,0.001109066583230135,0.0010738381135668243,34.6
40.800000000000004,-111.95,0,12,other,other,0.9978385675527137,True,0.9978385675527137,0.0010803215962699576,0.0010811108510164064,45.6
40.800000000000004,-111.95,1,6,other,other,0.997838469779698,True,0.997838469779698,0.001080497023939194,0.0010810331963627823,34.6
40.800000000000004,-111.95,2,3,property,property,0.9977716780722883,True,0.0011138709079709,0.9977716780722883,0.001114451019740645,24.7
40.800000000000004,-111.95,3,7,other,other,0.9980680168844336,True,0.9980680168844336,0.000962724106876666,0.0009692590086896432,37.0
40.800000000000004,-111.94,0,13,other,other,0.9977572427689206,True,0.9977572427689206,0.0011249656337141529,0.001117791597365228,46.9
40.800000000000004,-111.94,1,16,property,property,0.6991307025614898,True,0.16652940646644615,0.6991307025614898,0.13433989097206406,35.3
40.800000000000004,-111.94,2,21,property,property,0.9975976356513206,True,0.0012051076873411779,0.9975976356513206,0.0011972566613382399,55.0
40.800000000000004,-111.94,3,20,property,property,0.9981381693851098,True,0.0009301240205050518,0.9981381693851098,0.0009317065943851804,54.2
40.800000000000004,-111.93,0,5,other,other,0.9975500068802369,True,0.9975500068802369,0.001376998515658591,0.0010729946041045648,31.9
40.800000000000004,-111.93,1,8,property,property,0.9980896764069643,True,0.0009504127101529619,0.9980896764069643,0.0009599108828825872,39.1
40.800000000000004,-111.93,2,15,property,property,0.9967479499634305,True,0.0015765314035308443,0.9967479499634305,0.0016755186330388715,49.3
40.800000000000004,-111.93,3,9,other,other,0.9978444981130112,True,0.9978444981130112,0.0010723457929237028,0.0010831560940648788,41.0
40.800000000000004,-111.92,0,8,other,other,0.9978495803155979,True,0.9978495803155979,0.001078978471862542,0.0010714412125397122,39.1
40.800000000000004,-111.92,1,7,other,other,0.9979514483480497,True,0.9979514483480497,0.000983001389041581,0.0010655502629086388,37.0
40.800000000000004,-111.92,2,7,property,property,0.9790449691009699,True,0.019041325003145985,0.9790449691009699,0.0019137058958840875,36.3
40.800000000000004,-111.92,3,10,other,other,0.997805179020663,True,0.997805179020663,0.0011210235778590402,0.0010737974014781147,42.7
40.800000000000004,-111.91,1,4,other,other,0.997848983808315,True,0.997848983808315,0.0010793123323051858,0.0010717038593798787,28.6
40.800000000000004,-111.91,2,6,property,property,0.9957342545976322,True,0.0026193324578966414,0.9957342545976322,0.0016464129444711162,34.5
40.81,-111.95,1,3,other,other,0.9978051067234579,True,0.9978051067234579,0.001120536479911423,0.0010743567966307393,24.7
40.81,-111.95,2,3,other,other,0.997816906897845,True,0.997816906897845,0.001109183777161861,0.0010739093249932973,24.7
40.81,-111.95,3,4,property,property,0.9955040001715559,True,0.002840824189321058,0.9955040001715559,0.0016551756391230497,28.6
40.81,-111.94,0,5,other,other,0.9975500212262881,True,0.9975500212262881,0.0013769985354615995,0.0010729802382504034,31.9
40.81,-111.94,1,5,other,other,0.9975506497004211,True,0.9975506497004211,0.0013769242849291374,0.0010724260146498554,31.9
40.81,-111.94,2,6,property,property,0.998118071132427,True,0.00094111285975611,0.998118071132427,0.0009408160078168016,34.6
40.81,-111.94,3,4,property,property,0.9978102601882275,True,0.0010947103324794667,0.9978102601882275,0.0010950294792928898,28.6
40.81,-111.92,0,5,property,property,0.9978894681836052,True,0.0010217776048214876,0.9978894681836052,0.001088754211573196,31.9
40.81,-111.92,1,6,property,property,0.9981201766706123,True,0.0009388044121859653,0.9981201766706123,0.0009410189172015796,34.6
40.81,-111.92,3,3,property,property,0.9978106143412974,True,0.0010949347297699893,0.9978106143412974,0.001094450928932617,24.7
40.82,-111.94,2,3,property,property,0.9979273905902669,True,0.0010358962748062486,0.9979273905902669,0.0010367131349270416,24.7
40.82,-111.92,2,5,property,property,0.998167741001559,True,0.0009164473823103355,0.998167741001559,0.0009158116161306079,31.9
